ID,Start time,Completion time,Email,Name,Last modified time,Participant ID,Cube of Matter (Cube 1):,Cube of Life (Cube 2):,Thought Cube (Cube 3):,Cube of Matter 2(Cube 1):,Cube of Life 2(Cube 2):,Thought Cube 2(Cube 3):,Admiration,Confusion,Haunt,Disorientation,Amazement,Fascination,Amazing,Curiosity,Perplexity,"I felt a closer sense of identity, of who I am.",I felt a psychological connection to everyone/everything around me.,I felt a physical connection to everyone/everything around me.,Everything seemed to be connected.,I experienced a feeling of confinement.,I experienced a feeling of oppression.,I experienced a feeling of tension.,My heart was racing.,It took my breath away.,I felt chills.,I felt physically smaller.,"I felt trivial, in the grand scheme of things.",The world seemed vast.,What did you learn about during your visit?,Is this your first time visiting the Museum of Tomorrow?,"If not, how many times have you visited us previously?","Did you watch the movie Cosmos, projected onto the sphere?",How many people accompanied you on this visit?,Would you like to visit the museum again in the future?,Would you recommend the museum to your friends and family?,Age group,Gender,Which racial group do you identify with?,Do you have any disabilities?,What disability do you have?,Do you have children? ,Where do you live?,Would you like to share something more about your visit or your experience today?
12,2023-09-25 21:54:11,2023-09-25 22:07:35,anonymous,,,D05.p009,,,,,,,3,5,6,7,3,7,4,3,6,1,4,3,2,3,5,5,3,3,3,3,3,5,Sustentabilidade;Biodiversidade;,Sim,,Sim,,NÃ£o,NÃ£o,31-59 anos,Masculino,Outro,,,NÃ£o,Cidade do Rio,
14,2023-09-26 16:11:42,2023-09-26 16:16:28,anonymous,,,D05_p001,4.0,4.0,3.0,3.0,5.0,4.0,5,3,4,3,3,3,4,5,2,3,2,4,3,4,2,2,3,2,1,1,1,2,Sustentabilidade;,NÃ£o,2,Sim,1 pessoa,Sim,Sim,19-30 anos,Feminino,Amarelo,Sim,Outra,NÃ£o,Cidade do Rio,
15,2023-09-26 16:34:00,2023-09-26 16:57:43,anonymous,,,D03_p011,8.0,3.0,6.0,5.0,7.0,7.0,8,3,3,4,8,8,6,7,4,1,5,1,4,1,1,2,5,5,3,6,5,7,Diversidade CulturalÂ ;,Sim,,Sim,1 pessoa,Sim,Sim,31-59 anos,Feminino,Pardo,NÃ£o,,NÃ£o,Outro Estado do Brasil,
16,2023-09-26 16:33:48,2023-09-26 16:59:12,anonymous,,,D03_p0010,8.0,4.0,8.0,5.0,4.0,8.0,8,1,1,1,8,8,7,8,6,7,7,5,7,1,1,1,1,2,1,3,5,7,Biodiversidade;Diversidade CulturalÂ ;Recursos NaturaisÂ ;,Sim,,Sim,1 pessoa,Sim,Sim,31-59 anos,Feminino,Pardo,NÃ£o,,NÃ£o,Outro Estado do Brasil,"Foi uma das experiencias mais incriveis que ja vivi
"
17,2023-09-26 16:59:30,2023-09-26 17:19:56,anonymous,,,D03_p012,7.0,7.0,7.0,7.0,7.0,7.0,8,1,5,5,7,7,5,6,6,5,6,6,7,7,5,5,3,3,3,7,1,6,Sustentabilidade;Biodiversidade;Diversidade CulturalÂ ;Recursos NaturaisÂ ;,Sim,,NÃ£o,2 pessoas,Sim,Sim,19-30 anos,Feminino,Pardo,NÃ£o,,NÃ£o,Cidade do Rio,Adorei a esperiencia 
18,2023-09-26 17:19:10,2023-09-26 17:24:59,anonymous,,,D05_p013,4.0,6.0,8.0,3.0,5.0,7.0,5,2,5,2,5,5,5,7,6,5,3,4,6,2,2,4,1,1,1,2,7,6,Diversidade CulturalÂ ;,NÃ£o,1,NÃ£o,1 pessoa,Sim,Sim,31-59 anos,Masculino,Branco,NÃ£o,,NÃ£o,Cidade do Rio,
19,2023-09-26 17:00:56,2023-09-26 17:25:06,anonymous,,,	D05.p0010,6.0,8.0,8.0,5.0,7.0,8.0,8,1,1,1,8,8,7,8,8,7,7,5,7,5,1,1,1,1,5,7,5,7,Diversidade CulturalÂ ;Biodiversidade;,Sim,,Sim,1 pessoa,Sim,Sim,19-30 anos,Feminino,Pardo,NÃ£o,,NÃ£o,Outro Estado do Brasil,Admirei muito a visitacao. Super contente
20,2023-09-26 17:27:36,2023-09-26 17:41:51,anonymous,,,D05_p014,7.0,6.0,8.0,6.0,7.0,8.0,8,4,1,1,8,8,1,7,6,5,7,5,7,1,1,1,3,1,3,1,4,7,Diversidade CulturalÂ ;Biodiversidade;Recursos NaturaisÂ ;,Sim,,Sim,3 ou mais pessoas,Sim,Sim,19-30 anos,Feminino,Branco,NÃ£o,,NÃ£o,Outro Estado do Brasil,Experiencia maravilhosa 
21,2023-09-26 17:26:13,2023-09-26 17:52:50,anonymous,,,D03.013,8.0,8.0,8.0,8.0,8.0,5.0,8,1,5,1,8,8,8,8,8,6,6,6,7,1,1,1,1,1,1,1,4,7,Sustentabilidade;Biodiversidade;Diversidade CulturalÂ ;,Sim,,Sim,2 pessoas,Sim,Sim,31-59 anos,Feminino,Branco,NÃ£o,,NÃ£o,Outro Estado do Brasil,Senti um pouco de nÃ¡usea no cubo 3.
22,2023-09-26 17:25:38,2023-09-26 17:56:23,anonymous,,,D01.p0012,8.0,8.0,8.0,8.0,8.0,8.0,8,8,8,8,8,8,8,8,8,7,6,5,7,7,4,7,4,3,2,2,3,5,Recursos NaturaisÂ ;Diversidade CulturalÂ ;,Sim,,NÃ£o,1 pessoa,Sim,Sim,19-30 anos,Masculino,Pardo,NÃ£o,,NÃ£o,Cidade do Rio,
23,2023-09-26 17:42:13,2023-09-26 18:13:11,anonymous,,,D05_015,8.0,8.0,8.0,8.0,8.0,8.0,8,5,6,6,8,8,8,8,8,3,4,4,7,1,1,5,6,5,1,7,1,7,Biodiversidade;Recursos NaturaisÂ ;Sustentabilidade;,NÃ£o,3 ou mais,NÃ£o,2 pessoas,Sim,Sim,19-30 anos,Masculino,Branco,NÃ£o,,NÃ£o,Cidade do Rio,
24,2023-09-26 18:20:30,2023-09-26 18:24:01,anonymous,,,D01.p0013,7.0,7.0,8.0,8.0,8.0,8.0,7,7,7,7,7,7,7,7,7,6,5,5,6,7,6,6,5,5,5,6,5,7,Sustentabilidade;Recursos NaturaisÂ ;,Sim,,Sim,2 pessoas,Sim,Sim,31-59 anos,Masculino,Branco,NÃ£o,,NÃ£o,Outro Estado do Brasil,
25,2023-09-26 17:56:50,2023-09-26 18:26:51,anonymous,,,D03_p014,5.0,7.0,8.0,6.0,8.0,8.0,8,2,8,1,8,8,7,8,1,7,7,3,7,1,1,1,6,4,7,7,4,7,Diversidade CulturalÂ ;Recursos NaturaisÂ ;Biodiversidade;,Sim,,Sim,2 pessoas,Sim,Sim,19-30 anos,Masculino,Branco,NÃ£o,,NÃ£o,Outro PaÃ­s,"SÃ³ vim acompanhar meu marido e nÃ£o tinha expectativas, mas fiquei muito contente e impressionado. DÃ¡ para aprender muito. "
26,2023-09-26 17:53:47,2023-09-26 18:29:46,anonymous,,,D03_p14,5.0,6.0,6.0,5.0,6.0,6.0,8,1,1,1,8,8,1,5,5,7,7,7,7,1,1,1,1,1,1,1,3,7,Sustentabilidade;Biodiversidade;Diversidade CulturalÂ ;Recursos NaturaisÂ ;,NÃ£o,3 ou mais,Sim,1 pessoa,Sim,Sim,31-59 anos,Feminino,Branco,NÃ£o,,Sim,Cidade do Rio,
27,2023-09-26 18:29:53,2023-09-26 18:57:41,anonymous,,,D03_p015,4.0,8.0,8.0,5.0,7.0,7.0,8,1,3,1,4,7,2,8,5,6,7,2,5,1,4,5,1,1,1,1,2,7,Sustentabilidade;Diversidade CulturalÂ ;,Sim,,Sim,3 ou mais pessoas,Sim,Sim,19-30 anos,Masculino,Pardo,NÃ£o,,NÃ£o,Cidade do Rio,
28,2023-09-26 18:57:52,2023-09-26 19:19:23,anonymous,,,D05_016,8.0,4.0,6.0,6.0,5.0,3.0,8,4,2,2,8,8,4,8,4,4,6,7,7,5,1,2,4,1,1,1,1,7,Diversidade CulturalÂ ;,Sim,,NÃ£o,3 ou mais pessoas,Sim,Sim,AtÃ© 18 anos,Feminino,Preto,NÃ£o,,NÃ£o,Cidade do Rio,
29,2023-09-26 18:29:13,2023-09-26 19:27:00,anonymous,,,D01.p0014,7.0,8.0,5.0,6.0,6.0,6.0,7,7,7,7,8,7,7,7,8,3,3,5,7,1,1,1,1,1,1,3,2,7,Biodiversidade;,Sim,,Sim,Nenhuma,Sim,Sim,31-59 anos,Masculino,Preto,NÃ£o,,NÃ£o,Cidade do Rio,
30,2023-09-26 18:33:53,2023-09-26 19:29:01,anonymous,,,D02.p0016,8.0,8.0,8.0,8.0,8.0,8.0,8,1,4,1,8,8,8,8,1,7,7,7,7,7,1,7,7,1,7,7,7,7,Diversidade CulturalÂ ;Recursos NaturaisÂ ;,Sim,,Sim,3 ou mais pessoas,Sim,Sim,31-59 anos,Feminino,Preto,NÃ£o,,NÃ£o,Cidade do Rio,
31,2023-09-26 19:35:18,2023-09-26 19:43:18,anonymous,,,D05_018,4.0,6.0,8.0,4.0,5.0,8.0,5,2,1,1,6,8,2,7,6,2,4,2,6,5,2,1,3,6,1,1,3,3,Diversidade CulturalÂ ;Recursos NaturaisÂ ;,Sim,,NÃ£o,1 pessoa,Sim,Sim,AtÃ© 18 anos,Feminino,Preto,NÃ£o,,NÃ£o,Cidade do Rio,
32,2023-09-26 19:36:08,2023-09-26 19:55:23,anonymous,,,D04.P0017,8.0,8.0,1.0,8.0,7.0,2.0,8,5,2,1,8,8,2,4,8,7,7,7,7,2,1,1,1,1,1,7,7,4,Biodiversidade;Diversidade CulturalÂ ;,Sim,,Sim,Nenhuma,Sim,Talvez,19-30 anos,Feminino,Branco,NÃ£o,,NÃ£o,Outro PaÃ­s,
33,2023-09-26 19:43:28,2023-09-26 19:59:56,anonymous,,,D05_p019,7.0,8.0,8.0,7.0,6.0,8.0,8,1,3,1,8,8,5,8,4,5,6,3,7,1,1,1,6,6,7,2,1,7,Diversidade CulturalÂ ;Recursos NaturaisÂ ;Biodiversidade;,Sim,,Sim,1 pessoa,Sim,Sim,AtÃ© 18 anos,Feminino,Pardo,NÃ£o,,NÃ£o,Outro Estado do Brasil,
34,2023-09-26 20:07:59,2023-09-26 20:18:34,anonymous,,,D05_p021,8.0,8.0,8.0,8.0,8.0,8.0,6,1,1,6,6,5,1,8,8,4,1,1,2,2,1,1,1,1,1,5,5,7,Diversidade CulturalÂ ;Biodiversidade;Sustentabilidade;,Sim,,NÃ£o,Nenhuma,Sim,Sim,19-30 anos,Feminino,Preto,NÃ£o,,NÃ£o,Cidade do Rio,
35,2023-09-26 20:13:05,2023-09-26 20:19:23,anonymous,,,D05.p0019,4.0,8.0,8.0,3.0,8.0,8.0,4,1,1,4,8,8,8,8,4,1,3,3,1,5,1,1,4,2,1,5,4,7,Diversidade CulturalÂ ;Biodiversidade;Recursos NaturaisÂ ;,Sim,,NÃ£o,1 pessoa,Talvez,Talvez,19-30 anos,Masculino,Preto,NÃ£o,,NÃ£o,Cidade do Rio,
36,2023-09-26 19:56:31,2023-09-26 20:26:58,anonymous,,,D04.p0017,8.0,8.0,8.0,7.0,7.0,8.0,8,1,1,1,8,8,7,8,8,7,6,6,7,1,1,1,1,1,1,1,3,7,Diversidade CulturalÂ ;Biodiversidade;,NÃ£o,1,Sim,3 ou mais pessoas,Sim,Sim,AtÃ© 18 anos,Feminino,Branco,NÃ£o,,NÃ£o,Estado do Rio,
37,2023-09-26 20:21:12,2023-09-26 20:32:09,anonymous,,,D05_p023,8.0,8.0,8.0,8.0,8.0,8.0,8,1,3,1,8,8,3,8,8,7,7,7,7,7,7,7,7,7,7,7,7,7,Sustentabilidade;Biodiversidade;Diversidade CulturalÂ ;Recursos NaturaisÂ ;,Sim,,Sim,1 pessoa,Sim,Sim,19-30 anos,Masculino,Pardo,NÃ£o,,NÃ£o,Estado do Rio,
38,2023-09-26 20:30:52,2023-09-26 20:51:30,anonymous,,,D01_p015,7.0,7.0,5.0,6.0,6.0,7.0,8,1,1,1,8,8,8,8,8,6,6,6,6,6,6,4,4,1,1,3,1,7,Diversidade CulturalÂ ;Biodiversidade;Recursos NaturaisÂ ;,NÃ£o,2,NÃ£o,1 pessoa,Sim,Sim,31-59 anos,Feminino,Branco,NÃ£o,,Sim,Outro Estado do Brasil,
39,2023-09-26 20:39:48,2023-09-26 20:51:39,anonymous,,,D04_p022,8.0,8.0,8.0,8.0,8.0,8.0,8,5,6,5,8,8,2,8,6,7,7,7,7,4,2,3,1,3,1,1,1,1,Sustentabilidade;Biodiversidade;Diversidade CulturalÂ ;Recursos NaturaisÂ ;,Sim,,NÃ£o,3 ou mais pessoas,Sim,Sim,31-59 anos,Masculino,Branco,NÃ£o,,Sim,Outro PaÃ­s,
40,2023-09-26 20:32:21,2023-09-26 21:01:12,anonymous,,,D03_p026,7.0,8.0,5.0,8.0,8.0,6.0,8,5,4,4,8,7,4,8,4,6,6,7,5,2,2,1,1,1,1,5,2,7,Biodiversidade;,NÃ£o,1,Sim,1 pessoa,Sim,Sim,31-59 anos,Masculino,Branco,NÃ£o,,Sim,Outro Estado do Brasil,
41,2023-09-26 21:01:21,2023-09-26 21:33:22,anonymous,,,D03_p027,7.0,6.0,8.0,4.0,8.0,7.0,5,1,1,1,6,4,2,7,3,2,3,6,7,7,1,3,3,1,5,7,7,7,Biodiversidade;Diversidade CulturalÂ ;,Sim,,Sim,3 ou mais pessoas,Sim,Sim,19-30 anos,Feminino,Branco,NÃ£o,,NÃ£o,Cidade do Rio,
42,2023-09-26 20:57:52,2023-09-26 21:35:42,anonymous,,,d04_p024,6.0,4.0,8.0,6.0,6.0,6.0,5,2,2,2,7,6,2,7,2,5,6,6,6,3,2,1,1,1,6,2,1,7,Diversidade CulturalÂ ;Biodiversidade;,NÃ£o,1,NÃ£o,1 pessoa,Sim,Sim,19-30 anos,Masculino,Branco,NÃ£o,,NÃ£o,Cidade do Rio,
43,2023-09-26 20:59:48,2023-09-26 21:51:22,anonymous,,,d01_p028,7.0,7.0,7.0,6.0,6.0,6.0,8,2,1,1,7,7,5,8,7,5,5,5,6,6,1,1,1,1,1,1,6,6,Biodiversidade;Recursos NaturaisÂ ;Sustentabilidade;Diversidade CulturalÂ ;,NÃ£o,1,NÃ£o,1 pessoa,Sim,Sim,31-59 anos,Masculino,Branco,NÃ£o,,NÃ£o,Cidade do Rio,
44,2023-09-26 21:36:01,2023-09-26 21:53:22,anonymous,,,D01.P028,4.0,3.0,7.0,2.0,4.0,6.0,7,2,1,3,7,7,3,7,5,4,5,3,6,3,1,1,4,3,1,5,7,7,Recursos NaturaisÂ ;Diversidade CulturalÂ ;Biodiversidade;,NÃ£o,1,Sim,2 pessoas,Talvez,Sim,AtÃ© 18 anos,Feminino,Branco,NÃ£o,,NÃ£o,Outro Estado do Brasil,
45,2023-09-26 21:33:28,2023-09-26 22:03:16,anonymous,,,D02.P017,8.0,6.0,8.0,7.0,7.0,8.0,8,5,8,8,8,8,5,8,8,7,7,7,5,7,7,7,6,6,1,7,7,7,Sustentabilidade;Biodiversidade;Diversidade CulturalÂ ;Recursos NaturaisÂ ;,Sim,,Sim,2 pessoas,Sim,Sim,31-59 anos,Feminino,Pardo,NÃ£o,,Sim,Estado do Rio,"Experiencia maravilhosa, fascinante fiquei encantada  com os quatros mares  me rementeu a uma danca! Obg por apresentar sensacoes indescritiveis museu do amanha."
46,2023-09-26 22:04:23,2023-09-26 22:15:48,anonymous,,,D02.p018,8.0,4.0,8.0,7.0,8.0,6.0,8,4,6,6,8,8,8,8,8,7,7,7,7,5,1,1,7,7,1,7,7,7,Sustentabilidade;Biodiversidade;Diversidade CulturalÂ ;Recursos NaturaisÂ ;,NÃ£o,2,Sim,1 pessoa,Sim,Sim,19-30 anos,Masculino,Branco,NÃ£o,,NÃ£o,Cidade do Rio,
47,2023-09-26 21:52:33,2023-09-26 22:24:06,anonymous,,,D03_p029,8.0,8.0,8.0,8.0,8.0,7.0,8,1,2,1,8,8,5,8,6,6,7,6,7,2,2,4,4,1,1,3,3,7,Sustentabilidade;Biodiversidade;Diversidade CulturalÂ ;Recursos NaturaisÂ ;,Sim,,Sim,1 pessoa,Sim,Sim,31-59 anos,Feminino,Branco,NÃ£o,,Sim,Outro Estado do Brasil,
48,2023-09-26 22:04:10,2023-09-26 22:51:25,anonymous,,,D05.P024,8.0,8.0,1.0,8.0,8.0,4.0,8,4,3,1,8,8,8,8,8,7,7,7,7,1,1,1,3,1,2,1,4,2,Biodiversidade;Diversidade CulturalÂ ;Recursos NaturaisÂ ;Sustentabilidade;,Sim,,Sim,1 pessoa,Sim,Sim,31-59 anos,Feminino,Branco,NÃ£o,,Sim,Outro Estado do Brasil,
49,2023-09-26 23:24:36,2023-09-26 23:29:13,anonymous,,,D04.p025,7.0,8.0,8.0,8.0,8.0,8.0,6,4,6,6,8,8,8,8,8,5,5,5,7,4,4,4,5,5,5,7,7,7,Sustentabilidade;Biodiversidade;Diversidade CulturalÂ ;Recursos NaturaisÂ ;,Sim,,Sim,1 pessoa,Sim,Sim,19-30 anos,Masculino,Preto,NÃ£o,,NÃ£o,Outro Estado do Brasil,
50,2023-09-27 16:43:09,2023-09-27 16:57:08,anonymous,,,D01-P029,1.0,5.0,8.0,4.0,6.0,8.0,8,1,8,1,8,8,8,6,6,6,6,3,6,1,1,1,4,1,1,1,7,7,Diversidade CulturalÂ ;Recursos NaturaisÂ ;Biodiversidade;,Sim,,Sim,1 pessoa,Sim,Sim,31-59 anos,Feminino,Branco,NÃ£o,,NÃ£o,Estado do Rio,"My Bueno Todo!!
"
51,2023-09-27 16:40:37,2023-09-27 17:05:20,anonymous,,,D03-P030,2.0,3.0,4.0,3.0,3.0,4.0,3,4,4,2,6,6,6,8,7,5,6,6,7,6,3,2,2,1,1,1,4,6,Sustentabilidade;Biodiversidade;Diversidade CulturalÂ ;Recursos NaturaisÂ ;,Sim,,Sim,1 pessoa,Sim,Sim,31-59 anos,Feminino,Branco,NÃ£o,,NÃ£o,Outro Estado do Brasil,"Parabens a todos!


"
52,2023-09-27 16:39:45,2023-09-27 17:09:49,anonymous,,,D02-P019,8.0,8.0,8.0,8.0,7.0,8.0,8,6,1,1,8,8,2,7,4,5,7,7,7,1,1,1,2,1,1,4,2,6,Sustentabilidade;Biodiversidade;Diversidade CulturalÂ ;,Sim,,Sim,1 pessoa,Sim,Sim,AtÃ© 18 anos,Feminino,Pardo,NÃ£o,,NÃ£o,Cidade do Rio,
53,2023-09-27 16:42:26,2023-09-27 17:11:21,anonymous,,,D05-P025,4.0,3.0,4.0,4.0,4.0,4.0,4,1,1,1,4,4,2,4,1,7,4,4,7,4,1,1,1,1,1,1,4,1,Biodiversidade;Diversidade CulturalÂ ;Recursos NaturaisÂ ;,Sim,,Sim,3 ou mais pessoas,Sim,Sim,AtÃ© 18 anos,Feminino,Branco,NÃ£o,,NÃ£o,Cidade do Rio,
54,2023-09-27 17:25:44,2023-09-27 17:31:02,anonymous,,,D05-P026,8.0,8.0,8.0,8.0,8.0,8.0,8,1,1,1,8,8,8,8,8,5,3,5,7,7,3,2,4,1,1,1,7,4,Diversidade CulturalÂ ;,Sim,,NÃ£o,1 pessoa,Sim,Sim,31-59 anos,Feminino,Pardo,NÃ£o,,NÃ£o,Estado do Rio,Gratidao 
55,2023-09-27 17:14:51,2023-09-27 17:33:37,anonymous,,,D03-p031,8.0,8.0,6.0,8.0,8.0,8.0,8,1,1,1,8,8,8,8,8,7,7,7,7,2,1,1,7,7,6,7,7,7,Sustentabilidade;Biodiversidade;Diversidade CulturalÂ ;Recursos NaturaisÂ ;,Sim,,NÃ£o,Nenhuma,Sim,Sim,31-59 anos,Feminino,Branco,NÃ£o,,NÃ£o,Outro Estado do Brasil,
56,2023-09-27 17:32:03,2023-09-27 17:47:37,anonymous,,,D05-P027,7.0,7.0,8.0,7.0,8.0,8.0,8,2,1,1,7,6,6,8,6,5,5,4,7,2,1,1,1,1,1,6,5,7,Biodiversidade;Sustentabilidade;Diversidade CulturalÂ ;,Sim,,Sim,3 ou mais pessoas,Sim,Sim,AtÃ© 18 anos,Masculino,Branco,NÃ£o,,NÃ£o,Outro Estado do Brasil,
57,2023-09-27 17:11:05,2023-09-27 17:53:24,anonymous,,,D02-p020,7.0,8.0,8.0,6.0,7.0,8.0,7,8,8,3,8,6,5,7,5,6,7,5,7,2,1,1,1,1,1,1,3,6,Sustentabilidade;,Sim,,NÃ£o,1 pessoa,Sim,Sim,31-59 anos,Masculino,Branco,NÃ£o,,NÃ£o,Outro PaÃ­s,
58,2023-09-27 17:00:07,2023-09-27 17:54:22,anonymous,,,D01-P030,6.0,8.0,8.0,7.0,8.0,8.0,8,2,8,1,8,8,5,7,6,5,7,5,6,1,1,1,6,2,1,5,4,7,Recursos NaturaisÂ ;Biodiversidade;Diversidade CulturalÂ ;,Sim,,NÃ£o,1 pessoa,Sim,Sim,31-59 anos,Feminino,Branco,NÃ£o,,NÃ£o,Outro PaÃ­s,
59,2023-09-27 17:49:57,2023-09-27 18:13:53,anonymous,,,D04-P027,6.0,6.0,8.0,5.0,2.0,5.0,6,2,2,2,7,7,7,8,8,2,6,5,7,1,1,1,4,1,1,7,7,7,Sustentabilidade;Diversidade CulturalÂ ;,Sim,,NÃ£o,1 pessoa,Sim,Sim,19-30 anos,Masculino,Pardo,NÃ£o,,NÃ£o,Estado do Rio,
60,2023-09-27 17:56:57,2023-09-27 18:19:05,anonymous,,,D02-P021,8.0,8.0,7.0,8.0,8.0,7.0,8,4,2,2,8,8,8,8,8,5,5,5,5,3,3,2,3,2,1,1,5,7,Biodiversidade;Diversidade CulturalÂ ;Recursos NaturaisÂ ;Sustentabilidade;,Sim,,NÃ£o,1 pessoa,Sim,Sim,31-59 anos,Feminino,Pardo,NÃ£o,,Sim,Outro Estado do Brasil,Um Lugar fascinante que retrata o Quanto precisamos cuidar do mundo
61,2023-09-27 17:57:20,2023-09-27 18:28:56,anonymous,,,D01-P031,6.0,2.0,5.0,2.0,5.0,8.0,5,6,3,6,6,6,5,4,5,4,4,5,6,7,3,5,5,5,3,4,3,5,Sustentabilidade;Biodiversidade;Diversidade CulturalÂ ;,Sim,,Sim,2 pessoas,Sim,Sim,19-30 anos,Feminino,Branco,NÃ£o,,Sim,Cidade do Rio,
62,2023-09-27 18:30:13,2023-09-27 18:48:11,anonymous,,,D01-P032,8.0,7.0,5.0,5.0,5.0,4.0,8,7,1,1,7,8,7,8,6,6,4,4,4,1,1,3,2,1,1,1,5,7,Sustentabilidade;Biodiversidade;Diversidade CulturalÂ ;Recursos NaturaisÂ ;,Sim,,Sim,3 ou mais pessoas,Sim,Sim,31-59 anos,Masculino,Branco,NÃ£o,,Sim,Outro Estado do Brasil,"O cubo 3 poderia ser desdobrado em 3. Ã‰ muito apertado como estÃ¡, com tanta cultura, crenÃ§as e expressÃµes!"
63,2023-09-27 17:33:42,2023-09-27 18:58:14,anonymous,,,D03-P032,6.0,8.0,8.0,8.0,8.0,8.0,8,1,1,1,8,8,1,8,1,7,7,7,7,1,1,1,1,7,4,4,7,7,Biodiversidade;Recursos NaturaisÂ ;Sustentabilidade;Diversidade CulturalÂ ;,Sim,,NÃ£o,Nenhuma,Sim,Sim,31-59 anos,Feminino,Branco,NÃ£o,,NÃ£o,Outro PaÃ­s,Bellissima.
64,2023-09-27 18:19:50,2023-09-27 19:02:06,anonymous,,,D02-p022,8.0,8.0,8.0,8.0,8.0,8.0,8,8,8,8,8,8,8,8,8,5,5,5,5,1,1,1,1,1,1,1,1,1,Sustentabilidade;Biodiversidade;Diversidade CulturalÂ ;Recursos NaturaisÂ ;,NÃ£o,2,Sim,Nenhuma,Sim,Sim,31-59 anos,Feminino,Pardo,NÃ£o,,Sim,Estado do Rio,
65,2023-09-27 18:52:25,2023-09-27 19:10:21,anonymous,,,D01-P033,8.0,8.0,6.0,5.0,8.0,4.0,8,6,6,3,8,8,7,8,8,7,7,7,7,7,1,7,7,5,4,7,7,7,Sustentabilidade;Biodiversidade;Diversidade CulturalÂ ;Recursos NaturaisÂ ;,Sim,,Sim,1 pessoa,Sim,Sim,19-30 anos,Feminino,Pardo,NÃ£o,,NÃ£o,Outro Estado do Brasil,"Foi incrivel, experienciei Coisas e sentimentos unicos. Com certeza voltarei de Novo ðŸ§¡"
66,2023-09-27 18:59:59,2023-09-27 19:20:10,anonymous,,,D03-P033,8.0,5.0,8.0,8.0,5.0,8.0,8,1,1,1,8,8,4,8,8,4,4,4,7,1,1,1,1,1,1,1,4,7,Diversidade CulturalÂ ;Biodiversidade;Sustentabilidade;Recursos NaturaisÂ ;,Sim,,Sim,1 pessoa,Sim,Sim,31-59 anos,Feminino,Branco,NÃ£o,,Sim,Estado do Rio,
67,2023-09-27 19:21:49,2023-09-27 19:39:04,anonymous,,,D03-P034,7.0,7.0,7.0,6.0,6.0,6.0,8,3,1,1,7,5,1,8,4,4,1,1,7,6,1,2,3,1,1,3,5,7,Sustentabilidade;Biodiversidade;Diversidade CulturalÂ ;,NÃ£o,3 ou mais,Sim,1 pessoa,Sim,Sim,19-30 anos,Feminino,Branco,NÃ£o,,NÃ£o,Cidade do Rio,
68,2023-09-27 18:17:30,2023-09-27 19:50:26,anonymous,,,D04-P028,7.0,8.0,8.0,8.0,8.0,8.0,8,1,1,1,8,8,1,8,5,7,4,4,7,5,1,3,1,1,1,7,4,7,Diversidade CulturalÂ ;,Sim,,Sim,Nenhuma,Sim,Sim,19-30 anos,Masculino,Pardo,NÃ£o,,NÃ£o,Estado do Rio,
69,2023-09-27 19:04:14,2023-09-27 19:58:33,anonymous,,,D02-P023,7.0,7.0,7.0,8.0,8.0,8.0,7,1,6,1,8,7,7,7,7,5,3,5,7,1,1,1,1,1,1,1,4,7,Diversidade CulturalÂ ;Recursos NaturaisÂ ;Sustentabilidade;Biodiversidade;,NÃ£o,3 ou mais,Sim,Nenhuma,Sim,Sim,Mais de 60 anos,Feminino,Branco,NÃ£o,,Sim,Cidade do Rio,
70,2023-09-27 19:40:19,2023-09-27 20:03:39,anonymous,,,D03-P035,8.0,5.0,7.0,8.0,5.0,7.0,6,5,5,5,7,8,6,8,8,5,6,5,6,5,5,6,4,4,5,7,4,7,Diversidade CulturalÂ ;,Sim,,Sim,1 pessoa,Sim,Sim,19-30 anos,Feminino,Preto,NÃ£o,,NÃ£o,Outro Estado do Brasil,
71,2023-09-27 19:13:14,2023-09-27 20:26:16,anonymous,,,D01-P034,8.0,6.0,6.0,8.0,5.0,6.0,7,4,1,1,7,7,1,6,1,1,1,1,6,1,1,1,1,1,1,1,5,7,Diversidade CulturalÂ ;,Sim,,Sim,1 pessoa,Sim,Sim,19-30 anos,Masculino,Branco,NÃ£o,,NÃ£o,Outro Estado do Brasil,
72,2023-09-27 20:04:49,2023-09-27 20:26:26,anonymous,,,D03-P036,8.0,8.0,2.0,8.0,8.0,2.0,8,8,2,1,1,8,1,1,8,7,7,7,7,1,1,1,2,1,1,1,7,3,Recursos NaturaisÂ ;Diversidade CulturalÂ ;Biodiversidade;,Sim,,Sim,2 pessoas,Sim,Sim,19-30 anos,Feminino,Preto,NÃ£o,,NÃ£o,Outro PaÃ­s,Genial
73,2023-09-27 21:04:52,2023-09-27 21:12:19,anonymous,,,D03.p037,7.0,8.0,8.0,8.0,8.0,8.0,7,5,8,3,8,8,1,8,2,7,7,7,7,1,1,1,1,1,3,1,5,1,Biodiversidade;Recursos NaturaisÂ ;Diversidade CulturalÂ ;Sustentabilidade;,Sim,,Sim,Nenhuma,Sim,Sim,31-59 anos,Feminino,Outro,NÃ£o,,NÃ£o,Outro Estado do Brasil,
74,2023-09-27 20:32:30,2023-09-27 21:30:14,anonymous,,,D04-P029,5.0,7.0,7.0,6.0,6.0,5.0,7,5,4,3,7,7,5,6,4,1,1,4,7,1,1,1,1,1,1,3,5,7,Interconecao do todo;,Sim,,Sim,Nenhuma,Sim,Sim,31-59 anos,Masculino,Branco,NÃ£o,,NÃ£o,Cidade do Rio,
75,2023-09-27 19:52:14,2023-09-27 21:36:04,anonymous,,,D04-P029,4.0,4.0,4.0,8.0,8.0,8.0,8,2,2,2,8,8,6,8,7,7,6,7,7,4,1,1,1,1,1,1,1,6,Biodiversidade;Diversidade CulturalÂ ;Recursos NaturaisÂ ;Sustentabilidade;,Sim,,Sim,1 pessoa,Sim,Sim,31-59 anos,Feminino,Branco,NÃ£o,,Sim,Cidade do Rio,
76,2023-09-27 21:12:37,2023-09-27 21:54:51,anonymous,,,D03-P038,7.0,8.0,3.0,5.0,7.0,5.0,8,4,1,5,7,7,1,7,7,6,3,5,5,3,1,1,1,1,1,7,1,7,Biodiversidade;Sustentabilidade;Diversidade CulturalÂ ;Recursos NaturaisÂ ;,Sim,,Sim,1 pessoa,Sim,Sim,31-59 anos,Feminino,Branco,NÃ£o,,NÃ£o,Outro Estado do Brasil,"O ultimo cubo minhas vistas embaralharam totalmente. Primeira vez que isso acontece comigo. Esse sentimento me gerou um desconforto e sai praticamente correndo Dali. O que foi Uma Pena. Se EU que nao tenho problemas oculares tive essa reacao, imagine quem tem algum Limite."
77,2023-09-27 21:33:04,2023-09-27 22:02:16,anonymous,,,D04-P030,6.0,6.0,6.0,6.0,6.0,6.0,6,6,6,6,6,6,6,6,6,4,3,3,4,7,7,4,2,2,2,1,4,5,Biodiversidade;Diversidade CulturalÂ ;Recursos NaturaisÂ ;Sustentabilidade;,Sim,,NÃ£o,1 pessoa,Talvez,Sim,31-59 anos,Masculino,Branco,NÃ£o,,NÃ£o,Outro Estado do Brasil,
78,2023-09-27 21:44:32,2023-09-27 22:02:19,anonymous,,,D01-P035,5.0,6.0,6.0,6.0,6.0,6.0,6,6,6,6,6,6,6,6,6,4,3,3,3,6,6,4,2,2,2,2,3,5,Biodiversidade;Diversidade CulturalÂ ;,Sim,,NÃ£o,1 pessoa,Talvez,Sim,31-59 anos,Masculino,Branco,NÃ£o,,NÃ£o,Outro PaÃ­s,
79,2023-09-27 21:45:40,2023-09-27 22:13:25,anonymous,,,D02-P024,8.0,4.0,8.0,4.0,2.0,8.0,8,1,1,1,8,8,3,5,3,3,3,3,2,7,4,4,5,3,2,1,1,6,Diversidade CulturalÂ ;,Sim,,NÃ£o,Nenhuma,Talvez,Sim,31-59 anos,Masculino,Branco,NÃ£o,,NÃ£o,Outro Estado do Brasil,
80,2023-09-27 21:58:53,2023-09-27 22:48:44,anonymous,,,D03-P039,6.0,6.0,8.0,6.0,4.0,6.0,7,3,3,2,7,7,1,8,1,5,5,5,7,3,3,3,3,3,1,1,1,7,Biodiversidade;Diversidade CulturalÂ ;,Sim,,Sim,1 pessoa,Sim,Sim,Mais de 60 anos,Feminino,Branco,NÃ£o,,Sim,Cidade do Rio,
81,2023-09-27 22:19:27,2023-09-27 23:00:44,anonymous,,,D04-P031,7.0,5.0,4.0,3.0,4.0,7.0,3,5,6,3,7,3,6,8,5,2,3,3,2,3,5,3,5,5,5,3,5,3,Sustentabilidade;,NÃ£o,2,Sim,1 pessoa,NÃ£o,Talvez,31-59 anos,Masculino,Branco,NÃ£o,,NÃ£o,Cidade do Rio,Ok
82,2023-09-27 22:07:11,2023-09-27 23:14:50,anonymous,,,D01-P036,7.0,6.0,8.0,5.0,8.0,7.0,7,2,3,4,6,7,5,8,7,5,3,6,5,1,2,3,4,1,1,5,4,7,Biodiversidade;,Sim,,Sim,1 pessoa,Sim,Sim,31-59 anos,Masculino,Preto,NÃ£o,,NÃ£o,Outro Estado do Brasil,
83,2023-09-27 23:38:25,2023-09-27 23:52:39,anonymous,,,D03-P041,6.0,8.0,7.0,4.0,5.0,5.0,8,1,8,1,8,8,1,8,5,5,4,4,6,2,1,1,1,2,2,1,6,7,Biodiversidade;Diversidade CulturalÂ ;,Sim,,Sim,2 pessoas,Talvez,Sim,31-59 anos,Masculino,Branco,NÃ£o,,Sim,Outro PaÃ­s,
84,2023-09-28 16:45:00,2023-09-28 16:50:38,anonymous,,,0,7.0,8.0,7.0,7.0,8.0,8.0,8,2,2,1,8,8,7,8,6,6,7,6,7,2,2,2,2,1,1,1,1,6,Biodiversidade;,Sim,,Sim,1 pessoa,Sim,Sim,31-59 anos,Feminino,Branco,NÃ£o,,NÃ£o,Outro Estado do Brasil,
85,2023-09-28 16:50:46,2023-09-28 17:00:30,anonymous,,,1,8.0,8.0,8.0,8.0,8.0,8.0,8,5,5,5,8,6,6,8,7,7,5,5,6,6,5,7,6,5,6,5,6,6,Diversidade CulturalÂ ;,Sim,,NÃ£o,Nenhuma,Sim,Sim,AtÃ© 18 anos,Masculino,IndÃ­gena,NÃ£o,,NÃ£o,Outro Estado do Brasil,
86,2023-09-28 17:00:36,2023-09-28 17:06:12,anonymous,,,2,6.0,6.0,6.0,6.0,6.0,6.0,7,5,2,4,7,6,5,8,4,5,5,5,5,7,4,3,1,1,1,5,5,5,Biodiversidade;Diversidade CulturalÂ ;,Sim,,NÃ£o,1 pessoa,Talvez,Sim,31-59 anos,Feminino,Branco,NÃ£o,,Sim,Outro Estado do Brasil,
87,2023-09-28 17:06:19,2023-09-28 17:12:38,anonymous,,,3,8.0,8.0,8.0,7.0,7.0,8.0,8,6,1,1,8,8,7,8,7,7,7,7,7,6,1,1,1,1,1,7,6,6,Biodiversidade;,Sim,,NÃ£o,3 ou mais pessoas,Sim,Sim,19-30 anos,Feminino,Pardo,NÃ£o,,NÃ£o,Outro Estado do Brasil,
88,2023-09-28 16:40:07,2023-09-28 17:16:38,anonymous,,,D02-P026,7.0,7.0,8.0,7.0,7.0,7.0,7,2,2,1,6,7,1,7,1,7,7,5,6,6,3,5,3,1,3,1,3,4,Diversidade CulturalÂ ;,Sim,,Sim,2 pessoas,Sim,Sim,31-59 anos,Feminino,Preto,NÃ£o,,NÃ£o,Outro Estado do Brasil,
89,2023-09-28 17:12:45,2023-09-28 17:17:40,anonymous,,,4,7.0,5.0,8.0,3.0,5.0,8.0,7,2,7,2,8,8,5,5,5,5,6,5,4,3,3,1,1,1,1,6,7,7,Biodiversidade;Recursos NaturaisÂ ;Diversidade CulturalÂ ;,Sim,,NÃ£o,1 pessoa,Sim,Sim,19-30 anos,Masculino,Pardo,NÃ£o,,NÃ£o,Outro PaÃ­s,
90,2023-09-28 17:17:48,2023-09-28 17:21:25,anonymous,,,5,8.0,8.0,8.0,8.0,8.0,8.0,8,1,1,1,8,8,1,8,1,3,7,4,7,7,1,1,5,2,2,1,1,7,Diversidade CulturalÂ ;,Sim,,NÃ£o,1 pessoa,Sim,Sim,19-30 anos,Masculino,Preto,NÃ£o,,NÃ£o,Outro Estado do Brasil,"Podia ter interprete de libras presencial. 
"
91,2023-09-28 16:39:55,2023-09-28 17:24:57,anonymous,,,D01-P037,8.0,4.0,8.0,8.0,5.0,7.0,8,5,3,5,8,6,4,7,2,5,7,7,7,7,1,3,4,1,2,5,7,7,Biodiversidade;Diversidade CulturalÂ ;Recursos NaturaisÂ ;Sustentabilidade;,NÃ£o,3 ou mais,Sim,1 pessoa,Talvez,Sim,19-30 anos,Masculino,Branco,NÃ£o,,NÃ£o,Estado do Rio,
92,2023-09-27 23:54:19,2023-09-28 17:27:03,anonymous,,,D04-P032,7.0,8.0,8.0,8.0,8.0,8.0,8,3,2,1,8,8,6,8,5,7,6,6,7,1,1,1,1,1,1,1,4,6,Sustentabilidade;Biodiversidade;Diversidade CulturalÂ ;Recursos NaturaisÂ ;,Sim,,Sim,Nenhuma,Sim,Sim,31-59 anos,Feminino,Branco,NÃ£o,,NÃ£o,Outro Estado do Brasil,
93,2023-09-28 17:21:30,2023-09-28 17:27:26,anonymous,,,6,7.0,7.0,6.0,4.0,6.0,8.0,8,7,7,1,8,8,4,8,1,7,5,5,4,2,1,1,2,1,1,1,3,6,Diversidade CulturalÂ ;,Sim,,NÃ£o,1 pessoa,Sim,Sim,Mais de 60 anos,Masculino,Preto,NÃ£o,,Sim,Estado do Rio,
94,2023-09-28 17:27:30,2023-09-28 17:31:21,anonymous,,,7,4.0,4.0,4.0,5.0,4.0,5.0,5,3,5,4,4,5,6,5,5,5,5,4,6,3,2,4,3,1,1,1,6,2,Biodiversidade;,Sim,,NÃ£o,Nenhuma,Sim,Sim,31-59 anos,Masculino,Branco,NÃ£o,,Sim,Outro Estado do Brasil,
95,2023-09-28 17:18:12,2023-09-28 17:46:26,anonymous,,,D02-P027,8.0,3.0,8.0,3.0,5.0,8.0,8,8,5,5,5,6,7,8,4,5,6,3,4,7,1,6,3,5,1,7,5,7,Sustentabilidade;Biodiversidade;Diversidade CulturalÂ ;Recursos NaturaisÂ ;,Sim,,NÃ£o,1 pessoa,Sim,Sim,19-30 anos,Feminino,Branco,NÃ£o,,NÃ£o,Outro Estado do Brasil,
96,2023-09-28 17:31:27,2023-09-28 17:49:56,anonymous,,,8,8.0,7.0,8.0,8.0,8.0,8.0,8,5,8,5,8,8,4,8,8,5,5,7,7,3,2,3,5,3,5,1,5,3,Biodiversidade;Diversidade CulturalÂ ;,Sim,,Sim,3 ou mais pessoas,Sim,Sim,31-59 anos,Feminino,Pardo,NÃ£o,,NÃ£o,Outro PaÃ­s,HermosA
97,2023-09-28 17:29:31,2023-09-28 17:52:21,anonymous,,,D04-P033,1.0,4.0,5.0,3.0,3.0,4.0,4,4,4,4,4,4,4,4,4,1,3,5,4,6,4,6,1,1,1,3,2,6,Sustentabilidade;Biodiversidade;Diversidade CulturalÂ ;Recursos NaturaisÂ ;,Sim,,NÃ£o,1 pessoa,Sim,Sim,31-59 anos,Feminino,Branco,NÃ£o,,NÃ£o,Outro Estado do Brasil,
98,2023-09-28 17:50:05,2023-09-28 17:58:37,anonymous,,,9,5.0,5.0,6.0,5.0,5.0,6.0,7,1,1,1,7,7,2,6,2,4,5,5,7,2,1,1,1,1,1,3,3,7,Diversidade CulturalÂ ;Biodiversidade;Recursos NaturaisÂ ;,Sim,,NÃ£o,1 pessoa,Sim,Sim,19-30 anos,Feminino,Branco,NÃ£o,,NÃ£o,Outro Estado do Brasil,
99,2023-09-28 17:58:44,2023-09-28 18:14:21,anonymous,,,10,4.0,4.0,4.0,6.0,5.0,4.0,6,2,2,4,5,5,4,6,4,4,6,6,5,4,2,5,3,1,1,1,3,6,Sustentabilidade;,Sim,,NÃ£o,1 pessoa,Sim,Sim,31-59 anos,Feminino,IndÃ­gena,NÃ£o,,Sim,Outro Estado do Brasil,
100,2023-09-28 17:53:48,2023-09-28 18:14:29,anonymous,,,D04-P034,8.0,7.0,8.0,6.0,7.0,6.0,8,4,7,4,8,8,8,8,5,5,7,5,7,1,1,2,1,1,1,6,5,7,Diversidade CulturalÂ ;,Sim,,NÃ£o,1 pessoa,Sim,Sim,19-30 anos,Masculino,Branco,NÃ£o,,NÃ£o,Outro Estado do Brasil,
101,2023-09-28 17:26:50,2023-09-28 18:15:12,anonymous,,,D01-P038,3.0,5.0,7.0,3.0,6.0,6.0,8,3,1,1,4,6,4,7,3,3,2,1,6,1,1,1,1,1,1,1,7,7,Biodiversidade;Diversidade CulturalÂ ;Sustentabilidade;,Sim,,NÃ£o,1 pessoa,Talvez,Sim,31-59 anos,Masculino,Branco,NÃ£o,,NÃ£o,Outro Estado do Brasil,
102,2023-09-28 17:50:16,2023-09-28 18:17:47,anonymous,,,D02-P028,4.0,6.0,6.0,5.0,5.0,6.0,5,5,6,5,6,4,4,4,5,5,6,4,3,5,6,2,1,1,1,1,1,4,Diversidade CulturalÂ ;,Sim,,Sim,3 ou mais pessoas,Talvez,Sim,31-59 anos,Masculino,Branco,NÃ£o,,NÃ£o,Estado do Rio,
103,2023-09-28 18:15:17,2023-09-28 18:25:51,anonymous,,,11,8.0,8.0,8.0,8.0,8.0,8.0,8,7,5,1,8,8,8,8,8,7,7,5,7,5,3,3,1,1,1,3,7,7,Sustentabilidade;Biodiversidade;Diversidade CulturalÂ ;Recursos NaturaisÂ ;,Sim,,NÃ£o,1 pessoa,Sim,Sim,31-59 anos,Feminino,Preto,NÃ£o,,NÃ£o,Outro Estado do Brasil,
104,2023-09-28 18:19:30,2023-09-28 18:45:38,anonymous,,,D01-P039,8.0,7.0,6.0,8.0,7.0,7.0,8,4,2,2,7,8,8,8,5,7,6,5,7,1,1,1,4,2,3,5,6,7,Sustentabilidade;Biodiversidade;Diversidade CulturalÂ ;Recursos NaturaisÂ ;,Sim,,Sim,1 pessoa,Sim,Sim,19-30 anos,Masculino,Branco,NÃ£o,,NÃ£o,Outro Estado do Brasil,
105,2023-09-28 18:26:00,2023-09-28 18:46:06,anonymous,,,12,8.0,8.0,8.0,8.0,8.0,8.0,8,2,4,2,7,7,7,7,7,6,7,6,6,4,1,1,3,1,1,4,5,7,Biodiversidade;Diversidade CulturalÂ ;Recursos NaturaisÂ ;,Sim,,Sim,1 pessoa,Sim,Sim,19-30 anos,Masculino,Pardo,NÃ£o,,NÃ£o,Outro Estado do Brasil,
106,2023-09-28 18:46:13,2023-09-28 18:54:48,anonymous,,,14,3.0,5.0,5.0,4.0,5.0,5.0,4,3,3,2,4,4,2,4,2,4,3,4,4,3,3,2,2,2,2,4,4,5,Biodiversidade;Diversidade CulturalÂ ;Recursos NaturaisÂ ;Sustentabilidade;,Sim,,NÃ£o,1 pessoa,Sim,Sim,31-59 anos,Masculino,Pardo,NÃ£o,,Sim,Outro Estado do Brasil,
107,2023-09-28 18:22:50,2023-09-28 18:54:48,anonymous,,,D02-P029,7.0,8.0,8.0,8.0,8.0,8.0,8,3,7,4,8,8,8,8,8,4,7,2,5,1,1,1,2,2,1,7,7,7,Recursos NaturaisÂ ;Biodiversidade;,Sim,,NÃ£o,1 pessoa,Sim,Sim,31-59 anos,Masculino,Pardo,NÃ£o,,NÃ£o,Outro Estado do Brasil,
108,2023-09-28 18:17:19,2023-09-28 18:59:55,anonymous,,,D04-P035,5.0,5.0,8.0,4.0,6.0,8.0,8,1,1,2,8,8,5,8,5,4,5,3,7,1,1,1,2,1,4,7,7,7,Sustentabilidade;Recursos NaturaisÂ ;,Sim,,NÃ£o,1 pessoa,Sim,Sim,19-30 anos,Masculino,Branco,NÃ£o,,NÃ£o,Outro Estado do Brasil,"Achei muito interessante a pesquisa, junto desse lindo museu. Com certeza eu voltarei para cÃ¡!"
109,2023-09-28 18:47:19,2023-09-28 19:09:54,anonymous,,,D01-P040,1.0,8.0,6.0,1.0,7.0,7.0,8,2,1,1,8,8,6,8,1,4,4,4,4,2,2,2,2,2,2,2,2,7,Biodiversidade;,Sim,,NÃ£o,1 pessoa,Sim,Sim,31-59 anos,Masculino,Pardo,NÃ£o,,Sim,Outro Estado do Brasil,
110,2023-09-28 19:05:08,2023-09-28 19:12:14,anonymous,,,M1,8.0,6.0,6.0,6.0,6.0,6.0,7,7,7,7,8,8,7,8,8,6,6,6,7,1,1,1,1,1,1,6,7,7,Sustentabilidade;Biodiversidade;Diversidade CulturalÂ ;Recursos NaturaisÂ ;,Sim,,Sim,1 pessoa,Sim,Sim,31-59 anos,Masculino,Branco,NÃ£o,,Sim,Outro Estado do Brasil,
111,2023-09-28 19:12:25,2023-09-28 19:17:15,anonymous,,,M2,4.0,4.0,4.0,3.0,3.0,3.0,4,7,4,7,8,8,8,8,8,5,5,5,5,5,5,5,5,5,5,5,5,5,Sustentabilidade;,Sim,,NÃ£o,Nenhuma,Sim,Sim,31-59 anos,Feminino,Amarelo,NÃ£o,,Sim,Outro Estado do Brasil,
112,2023-09-28 19:05:20,2023-09-28 19:17:43,anonymous,,,S1_p01,8.0,5.0,5.0,8.0,5.0,5.0,7,3,3,4,8,8,6,8,8,5,4,5,6,2,2,5,5,3,1,4,4,7,Recursos NaturaisÂ ;Diversidade CulturalÂ ;Biodiversidade;Sustentabilidade;,Sim,,Sim,1 pessoa,Sim,Sim,Mais de 60 anos,Feminino,Pardo,NÃ£o,,Sim,Outro Estado do Brasil,Gostaria quÃ© tivesse guias explicando
113,2023-09-28 22:07:05,2023-09-28 22:18:12,anonymous,,,D05-P030,7.0,8.0,6.0,8.0,8.0,8.0,7,7,7,4,8,7,4,8,6,5,6,6,7,2,1,1,1,1,1,1,1,7,Biodiversidade;Diversidade CulturalÂ ;Recursos NaturaisÂ ;,Sim,,NÃ£o,Nenhuma,Sim,Sim,31-59 anos,Feminino,Branco,NÃ£o,,NÃ£o,Outro Estado do Brasil,
114,2023-09-28 19:19:09,2023-09-28 22:23:40,anonymous,,,E1,6.0,8.0,8.0,4.0,8.0,8.0,8,1,1,1,8,7,1,5,1,7,7,7,7,1,1,1,1,1,1,2,5,7,Sustentabilidade;,NÃ£o,3 ou mais,Sim,1 pessoa,Sim,Sim,31-59 anos,Feminino,Branco,NÃ£o,,NÃ£o,Cidade do Rio,
115,2023-09-28 22:03:50,2023-09-28 22:25:41,anonymous,,,D02-P030,7.0,8.0,8.0,7.0,8.0,8.0,6,5,4,4,7,8,6,8,8,6,7,7,6,6,4,3,4,2,6,6,5,7,Diversidade CulturalÂ ;,Sim,,NÃ£o,Nenhuma,Sim,Sim,31-59 anos,NÃ£o sei / Prefiro nÃ£o responder,Pardo,NÃ£o,,Sim,Estado do Rio,Ok
116,2023-09-28 22:05:52,2023-09-28 22:25:43,anonymous,,,D03-P042,3.0,3.0,3.0,6.0,3.0,5.0,6,1,3,1,4,4,1,3,1,3,1,2,2,3,1,1,1,1,1,1,1,2,Recursos NaturaisÂ ;,Sim,,Sim,Nenhuma,Talvez,Talvez,19-30 anos,Masculino,Branco,NÃ£o,,NÃ£o,Outro PaÃ­s,
117,2023-09-28 22:24:03,2023-09-28 22:28:35,anonymous,,,E2,8.0,6.0,8.0,8.0,6.0,8.0,8,5,2,1,8,8,8,8,8,1,7,7,7,1,1,1,1,1,1,1,7,7,Biodiversidade;Diversidade CulturalÂ ;,Sim,,Sim,3 ou mais pessoas,Sim,Sim,31-59 anos,Masculino,Branco,NÃ£o,,NÃ£o,Outro Estado do Brasil,
118,2023-09-28 22:35:32,2023-09-28 22:42:27,anonymous,,,E3,8.0,8.0,1.0,8.0,8.0,1.0,8,1,1,1,8,8,3,8,8,5,5,4,5,4,2,4,3,3,4,7,4,7,Sustentabilidade;Biodiversidade;Diversidade CulturalÂ ;Recursos NaturaisÂ ;,Sim,,Sim,2 pessoas,Sim,Sim,19-30 anos,Masculino,Preto,NÃ£o,,NÃ£o,Outro Estado do Brasil,
119,2023-09-28 22:19:33,2023-09-28 22:43:46,anonymous,,,D05-P031,4.0,7.0,8.0,5.0,6.0,5.0,7,3,6,1,6,6,4,4,4,4,4,4,5,1,1,2,4,1,4,6,6,7,Diversidade CulturalÂ ;Recursos NaturaisÂ ;Biodiversidade;,NÃ£o,2,Sim,3 ou mais pessoas,Sim,Sim,31-59 anos,Feminino,Pardo,NÃ£o,,Sim,Outro Estado do Brasil,
120,2023-09-28 22:42:45,2023-09-28 22:47:52,anonymous,,,E4,8.0,4.0,6.0,7.0,4.0,8.0,7,6,1,5,7,7,6,7,5,5,6,1,4,1,1,1,1,1,1,1,1,1,Sustentabilidade;Recursos NaturaisÂ ;Diversidade CulturalÂ ;,NÃ£o,3 ou mais,Sim,1 pessoa,Sim,Sim,19-30 anos,Feminino,Branco,NÃ£o,,NÃ£o,Cidade do Rio,
121,2023-09-28 22:25:54,2023-09-28 22:48:09,anonymous,,,D03-P043,1.0,7.0,4.0,1.0,7.0,5.0,6,6,6,6,8,8,8,8,6,5,7,3,6,5,5,4,1,1,1,1,1,7,Biodiversidade;,Sim,,Sim,2 pessoas,Talvez,Sim,31-59 anos,Feminino,IndÃ­gena,NÃ£o,,NÃ£o,Outro PaÃ­s,"La esfera es lo mejor, mas personal quÃ© hable espaÃ±ol y Rafael es muy amable"
122,2023-09-28 22:26:44,2023-09-28 22:58:11,anonymous,,,D02-P031,8.0,8.0,8.0,8.0,8.0,8.0,8,8,8,8,8,8,8,8,8,7,7,7,7,7,1,1,1,1,1,7,7,7,Biodiversidade;Sustentabilidade;Diversidade CulturalÂ ;Recursos NaturaisÂ ;,Sim,,NÃ£o,2 pessoas,Sim,Sim,31-59 anos,Feminino,Branco,NÃ£o,,Sim,Outro Estado do Brasil,
123,2023-09-28 22:48:32,2023-09-28 23:00:07,anonymous,,,E6,8.0,3.0,5.0,6.0,4.0,5.0,7,2,1,1,6,8,4,6,4,6,4,3,4,5,1,1,1,1,4,3,5,5,Diversidade CulturalÂ ;,Sim,,Sim,1 pessoa,Sim,Sim,AtÃ© 18 anos,Feminino,Branco,NÃ£o,,NÃ£o,Cidade do Rio,
124,2023-09-28 22:45:03,2023-09-28 23:02:52,anonymous,,,D05-P032,8.0,8.0,5.0,7.0,8.0,7.0,8,6,1,4,6,6,6,6,6,5,6,6,7,7,7,4,1,4,1,6,7,7,Sustentabilidade;Biodiversidade;Diversidade CulturalÂ ;Recursos NaturaisÂ ;,Sim,,Sim,3 ou mais pessoas,Sim,Sim,31-59 anos,Feminino,Branco,NÃ£o,,Sim,Outro Estado do Brasil,
125,2023-09-28 23:00:24,2023-09-28 23:08:06,anonymous,,,M3,6.0,7.0,3.0,7.0,7.0,5.0,7,2,2,2,8,8,7,7,7,3,3,3,5,6,1,1,1,1,1,1,1,1,Biodiversidade;,Sim,,NÃ£o,1 pessoa,Sim,Sim,31-59 anos,NÃ£o-binÃ¡rie,Pardo,NÃ£o,,NÃ£o,Outro Estado do Brasil,Muito cool
126,2023-09-28 23:08:17,2023-09-28 23:12:18,anonymous,,,M4,8.0,8.0,8.0,8.0,8.0,8.0,8,7,6,4,8,8,6,8,8,7,7,7,7,3,1,3,3,1,1,3,5,6,Sustentabilidade;Biodiversidade;Diversidade CulturalÂ ;Recursos NaturaisÂ ;,Sim,,Sim,Nenhuma,Sim,Sim,19-30 anos,Feminino,Branco,NÃ£o,,NÃ£o,Outro Estado do Brasil,
127,2023-09-28 22:48:18,2023-09-28 23:13:43,anonymous,,,D03-P044,6.0,8.0,7.0,8.0,4.0,7.0,6,3,1,2,7,8,4,8,2,3,3,3,4,1,1,1,1,1,1,1,4,7,Biodiversidade;Recursos NaturaisÂ ;Diversidade CulturalÂ ;,Sim,,NÃ£o,3 ou mais pessoas,Sim,Sim,19-30 anos,Masculino,Pardo,NÃ£o,,NÃ£o,Outro Estado do Brasil,
128,2023-09-28 23:12:26,2023-09-28 23:17:12,anonymous,,,M5,7.0,6.0,8.0,5.0,6.0,7.0,6,5,4,3,5,5,6,7,4,4,5,4,6,2,2,2,2,2,2,7,7,7,Biodiversidade;Diversidade CulturalÂ ;Recursos NaturaisÂ ;,Sim,,Sim,1 pessoa,Sim,Sim,31-59 anos,Feminino,Branco,NÃ£o,,NÃ£o,Cidade do Rio,
129,2023-09-28 23:17:20,2023-09-28 23:22:50,anonymous,,,M5,7.0,8.0,6.0,6.0,8.0,7.0,8,1,1,1,8,8,6,8,8,5,7,7,7,1,1,1,1,1,1,3,6,7,Diversidade CulturalÂ ;Biodiversidade;,Sim,,Sim,1 pessoa,Sim,Sim,19-30 anos,Feminino,Branco,NÃ£o,,NÃ£o,Outro Estado do Brasil,
130,2023-09-28 22:59:07,2023-09-28 23:24:13,anonymous,,,D02-P032,3.0,3.0,3.0,3.0,3.0,3.0,3,3,3,3,3,3,3,3,3,1,1,1,1,4,3,4,2,1,1,2,1,1,Diversidade CulturalÂ ;,Sim,,NÃ£o,2 pessoas,NÃ£o,NÃ£o,31-59 anos,Feminino,Branco,NÃ£o,,NÃ£o,Outro Estado do Brasil,
131,2023-09-28 23:23:01,2023-09-28 23:25:03,anonymous,,,M6,8.0,8.0,1.0,8.0,8.0,3.0,8,3,1,1,8,8,2,6,8,7,7,7,7,2,2,1,1,1,1,6,3,4,Sustentabilidade;Biodiversidade;Diversidade CulturalÂ ;,Sim,,Sim,2 pessoas,Sim,Sim,19-30 anos,Masculino,Preto,NÃ£o,,NÃ£o,Cidade do Rio,O terceiro cubo Ã© confuso
132,2023-09-28 23:13:56,2023-09-28 23:33:35,anonymous,,,D03-P045,6.0,6.0,5.0,8.0,7.0,7.0,8,1,1,1,8,8,8,8,8,5,5,3,2,1,1,1,1,1,1,1,1,7,Sustentabilidade;Biodiversidade;Diversidade CulturalÂ ;,Sim,,Sim,3 ou mais pessoas,Sim,Sim,19-30 anos,Feminino,Preto,NÃ£o,,NÃ£o,Outro Estado do Brasil,Tudo maravilhoso...atendimento otimo!
133,2023-09-28 23:06:28,2023-09-28 23:34:03,anonymous,,,D04-P036,5.0,5.0,5.0,6.0,6.0,6.0,6,5,3,4,6,7,6,7,5,5,5,5,5,5,5,5,7,4,4,5,4,4,Biodiversidade;Diversidade CulturalÂ ;Sustentabilidade;,Sim,,Sim,2 pessoas,Talvez,Sim,31-59 anos,Feminino,Pardo,NÃ£o,,NÃ£o,Outro Estado do Brasil,"Sissi

"
134,2023-09-28 23:25:13,2023-09-28 23:36:24,anonymous,,,M7,8.0,8.0,3.0,7.0,6.0,3.0,8,3,1,1,8,6,2,8,3,7,7,7,7,1,1,1,1,1,1,1,7,7,Sustentabilidade;Diversidade CulturalÂ ;Recursos NaturaisÂ ;,NÃ£o,3 ou mais,Sim,2 pessoas,NÃ£o,Sim,19-30 anos,Feminino,Branco,NÃ£o,,NÃ£o,Estado do Rio,
135,2023-09-28 23:36:29,2023-09-28 23:48:48,anonymous,,,M8,8.0,8.0,2.0,7.0,6.0,3.0,8,5,2,1,8,8,2,7,7,7,7,7,7,3,2,1,1,1,1,6,2,7,Sustentabilidade;Diversidade CulturalÂ ;Biodiversidade;Recursos NaturaisÂ ;,Sim,,Sim,Nenhuma,Sim,Sim,31-59 anos,Masculino,Preto,NÃ£o,,NÃ£o,Outro Estado do Brasil,
136,2023-09-28 23:25:28,2023-09-28 23:49:04,anonymous,,,D02-P033,8.0,8.0,8.0,8.0,8.0,8.0,8,8,8,8,8,8,8,8,8,5,7,7,7,5,3,4,4,2,1,2,2,7,Recursos NaturaisÂ ;Diversidade CulturalÂ ;Biodiversidade;Sustentabilidade;,Sim,,NÃ£o,Nenhuma,Sim,Sim,19-30 anos,Feminino,Branco,NÃ£o,,NÃ£o,Outro Estado do Brasil,
137,2023-09-28 23:48:55,2023-09-29 00:01:37,anonymous,,,M9,8.0,7.0,3.0,7.0,7.0,4.0,8,4,2,2,8,7,4,7,7,7,7,7,5,3,2,1,1,1,3,7,6,6,Sustentabilidade;Biodiversidade;,Sim,,Sim,Nenhuma,Sim,Sim,19-30 anos,NÃ£o-binÃ¡rie,IndÃ­gena,NÃ£o,,NÃ£o,Cidade do Rio,
138,2023-09-28 23:37:35,2023-09-29 00:02:54,anonymous,,,D04-P037,8.0,8.0,8.0,8.0,8.0,8.0,8,3,4,5,8,8,8,8,8,5,6,6,6,4,3,2,2,1,1,5,4,2,Sustentabilidade;Biodiversidade;Recursos NaturaisÂ ;Diversidade CulturalÂ ;,Sim,,Sim,3 ou mais pessoas,Sim,Sim,31-59 anos,Masculino,Branco,NÃ£o,,NÃ£o,Outro Estado do Brasil,
139,2023-09-29 00:01:45,2023-09-29 00:02:55,anonymous,,,M9,8.0,8.0,2.0,8.0,8.0,5.0,8,8,2,2,2,7,2,7,8,7,7,7,7,2,2,2,2,4,2,7,2,7,Biodiversidade;,NÃ£o,3 ou mais,Sim,1 pessoa,Sim,Sim,19-30 anos,Masculino,Branco,NÃ£o,,NÃ£o,Cidade do Rio,
140,2023-09-29 00:02:58,2023-09-29 00:07:12,anonymous,,,M10,8.0,8.0,4.0,8.0,8.0,1.0,8,4,2,2,7,8,8,8,8,7,7,7,6,4,2,1,1,1,1,1,1,7,Recursos NaturaisÂ ;Diversidade CulturalÂ ;,NÃ£o,2,Sim,1 pessoa,Sim,Sim,19-30 anos,Masculino,Amarelo,NÃ£o,,NÃ£o,Cidade do Rio,
141,2023-09-28 23:33:42,2023-09-29 00:08:07,anonymous,,,D03-P046,8.0,7.0,7.0,5.0,7.0,8.0,8,3,1,1,7,8,6,8,7,7,6,3,6,1,1,1,1,1,5,1,7,7,Sustentabilidade;Biodiversidade;Diversidade CulturalÂ ;Recursos NaturaisÂ ;,Sim,,Sim,3 ou mais pessoas,Sim,Sim,31-59 anos,Feminino,Pardo,NÃ£o,,NÃ£o,Outro Estado do Brasil,"Fiquei totalmente conectada a tudo, a junÃ§Ã£o da musica com as imagens tras um ar de infinito, amei cada pedacinho"
142,2023-09-28 23:49:38,2023-09-29 00:13:13,anonymous,,,D02-P034,8.0,4.0,3.0,1.0,1.0,1.0,6,3,1,1,3,3,3,2,3,1,1,1,1,1,1,1,1,1,1,1,1,1,Sustentabilidade;Biodiversidade;Diversidade CulturalÂ ;Recursos NaturaisÂ ;,Sim,,NÃ£o,1 pessoa,Talvez,Talvez,31-59 anos,Feminino,Branco,NÃ£o,,Sim,Outro Estado do Brasil,
143,2023-09-29 16:22:10,2023-09-29 16:36:52,anonymous,,,D01-P041,8.0,8.0,8.0,8.0,8.0,8.0,8,1,1,1,8,8,1,8,8,7,7,7,7,1,1,1,1,1,1,7,7,7,Biodiversidade;Diversidade CulturalÂ ;,NÃ£o,2,Sim,3 ou mais pessoas,Sim,Sim,31-59 anos,Feminino,Pardo,NÃ£o,,NÃ£o,Outro Estado do Brasil,
144,2023-09-29 16:25:27,2023-09-29 16:42:13,anonymous,,,S2_p01,7.0,7.0,7.0,7.0,7.0,7.0,8,2,8,3,8,8,7,7,8,6,6,6,6,2,2,2,2,2,2,5,3,7,Diversidade CulturalÂ ;,Sim,,NÃ£o,1 pessoa,Sim,Sim,31-59 anos,Masculino,Branco,NÃ£o,,NÃ£o,Outro Estado do Brasil,
145,2023-09-29 16:45:24,2023-09-29 16:49:19,anonymous,,,S2_po2,8.0,8.0,8.0,7.0,7.0,8.0,8,6,5,5,8,5,6,8,7,6,5,7,7,5,2,3,5,1,4,1,5,7,Biodiversidade;Diversidade CulturalÂ ;Sustentabilidade;Recursos NaturaisÂ ;,Sim,,NÃ£o,3 ou mais pessoas,Sim,Sim,31-59 anos,Masculino,Preto,NÃ£o,,Sim,Outro Estado do Brasil,
146,2023-09-29 00:08:26,2023-09-29 16:54:04,anonymous,,,D02-P035,6.0,8.0,8.0,6.0,8.0,8.0,8,8,8,7,8,8,8,8,8,6,6,7,7,7,7,7,5,5,3,7,6,7,Sustentabilidade;,Sim,,Sim,2 pessoas,Sim,Sim,31-59 anos,Feminino,Preto,NÃ£o,,Sim,Outro Estado do Brasil,
147,2023-09-29 16:49:38,2023-09-29 16:56:14,anonymous,,,S2_PO3,4.0,4.0,6.0,4.0,5.0,5.0,7,4,5,4,7,7,6,6,6,4,4,3,5,3,3,3,2,2,2,2,2,3,Recursos NaturaisÂ ;Sustentabilidade;,Sim,,Sim,3 ou mais pessoas,Sim,Sim,31-59 anos,Feminino,Branco,NÃ£o,,Sim,Outro Estado do Brasil,
148,2023-09-29 16:19:23,2023-09-29 16:56:26,anonymous,,,D03-P047,8.0,8.0,8.0,8.0,8.0,8.0,8,1,1,1,8,8,8,7,8,7,7,7,7,7,7,7,1,1,1,1,3,7,Diversidade CulturalÂ ;Biodiversidade;Recursos NaturaisÂ ;Sustentabilidade;,Sim,,NÃ£o,Nenhuma,Sim,Sim,19-30 anos,Masculino,Preto,NÃ£o,,NÃ£o,Outro Estado do Brasil,ExperienciA muito boa
149,2023-09-29 16:56:24,2023-09-29 16:59:46,anonymous,,,S2_p04,8.0,8.0,8.0,8.0,8.0,8.0,8,4,8,4,6,8,8,8,8,7,7,7,7,7,7,7,7,7,7,7,7,7,Diversidade CulturalÂ ;,NÃ£o,2,Sim,2 pessoas,Sim,Sim,31-59 anos,Masculino,Branco,NÃ£o,,Sim,Outro Estado do Brasil,
150,2023-09-29 17:01:03,2023-09-29 17:07:58,anonymous,,,S2_p05,7.0,7.0,7.0,7.0,7.0,6.0,6,7,6,6,7,6,7,7,7,7,6,6,7,7,6,6,7,6,6,6,6,6,Sustentabilidade;,Sim,,Sim,Nenhuma,Sim,Sim,31-59 anos,Masculino,Pardo,NÃ£o,,Sim,Outro Estado do Brasil,Sim
151,2023-09-29 17:08:14,2023-09-29 17:11:34,anonymous,,,S2_p05,4.0,6.0,5.0,6.0,6.0,6.0,4,2,2,2,2,4,3,5,3,2,2,2,2,2,2,2,2,2,2,4,7,7,Diversidade CulturalÂ ;,Sim,,Sim,3 ou mais pessoas,Sim,Sim,31-59 anos,Feminino,Pardo,NÃ£o,,NÃ£o,Outro Estado do Brasil,
152,2023-09-29 16:56:27,2023-09-29 17:19:23,anonymous,,,D02-P036,6.0,8.0,8.0,7.0,8.0,8.0,8,6,6,3,8,8,5,8,4,5,5,6,7,7,5,3,5,7,4,7,7,7,Recursos NaturaisÂ ;Diversidade CulturalÂ ;Sustentabilidade;Biodiversidade;,Sim,,Sim,2 pessoas,Sim,Sim,19-30 anos,Feminino,Preto,NÃ£o,,NÃ£o,Cidade do Rio,Me sentir maravilhada com a experiencia de conhecer o moseu.
153,2023-09-29 16:38:03,2023-09-29 17:22:03,anonymous,,,D01-P042,8.0,7.0,8.0,8.0,8.0,8.0,8,1,3,1,8,8,8,6,5,7,7,6,7,1,1,1,1,1,1,3,5,5,Biodiversidade;,Sim,,Sim,3 ou mais pessoas,Sim,Sim,31-59 anos,Feminino,Branco,NÃ£o,,Sim,Outro Estado do Brasil,
154,2023-09-29 17:11:43,2023-09-29 17:25:23,anonymous,,,S2_p06,7.0,6.0,6.0,6.0,6.0,6.0,6,2,3,1,6,6,3,5,5,5,5,5,5,2,2,2,2,2,2,5,5,6,Diversidade CulturalÂ ;,Sim,,Sim,Nenhuma,Sim,Sim,31-59 anos,Masculino,Branco,NÃ£o,,NÃ£o,Outro Estado do Brasil,
155,2023-09-29 16:58:18,2023-09-29 17:27:40,anonymous,,,D03-P048,8.0,8.0,7.0,8.0,8.0,8.0,8,1,1,1,8,8,5,6,5,7,7,7,7,2,1,1,2,1,1,1,2,7,Sustentabilidade;Diversidade CulturalÂ ;,Sim,,Sim,3 ou mais pessoas,Sim,Sim,Mais de 60 anos,Masculino,Branco,NÃ£o,,Sim,Outro Estado do Brasil,Excelenre
156,2023-09-29 17:24:49,2023-09-29 17:43:10,anonymous,,,D01-P043,8.0,7.0,5.0,5.0,8.0,8.0,7,3,4,3,8,7,7,8,8,4,5,5,6,3,2,2,3,1,2,2,2,6,Diversidade CulturalÂ ;Biodiversidade;,NÃ£o,1,Sim,2 pessoas,Sim,Sim,31-59 anos,Masculino,Branco,NÃ£o,,Sim,Outro Estado do Brasil,
157,2023-09-29 17:28:28,2023-09-29 17:54:49,anonymous,,,D03-P049,8.0,6.0,7.0,8.0,6.0,7.0,7,5,1,1,8,8,6,8,5,5,6,6,7,6,6,4,2,1,1,7,7,7,Biodiversidade;,Sim,,Sim,1 pessoa,Sim,Sim,Mais de 60 anos,Masculino,Branco,NÃ£o,,Sim,Outro Estado do Brasil,Achei otimo conhecer.obg!!
158,2023-09-29 17:22:16,2023-09-29 17:55:51,anonymous,,,D02-P037,4.0,7.0,8.0,3.0,4.0,4.0,7,2,2,1,8,7,2,8,7,5,4,6,6,6,1,1,1,1,1,2,1,7,Sustentabilidade;Biodiversidade;Diversidade CulturalÂ ;Recursos NaturaisÂ ;,Sim,,NÃ£o,1 pessoa,Sim,Sim,19-30 anos,Feminino,Preto,NÃ£o,,NÃ£o,Outro Estado do Brasil,
159,2023-09-29 17:56:50,2023-09-29 18:21:32,anonymous,,,D03-P050,5.0,3.0,4.0,5.0,5.0,5.0,4,2,1,1,5,2,1,6,3,5,5,2,3,4,1,1,1,1,1,1,1,4,Diversidade CulturalÂ ;,Sim,,NÃ£o,1 pessoa,Sim,Sim,31-59 anos,Masculino,Preto,NÃ£o,,Sim,Outro Estado do Brasil,"Parabens pela iniciativa!

"
160,2023-09-29 17:44:24,2023-09-29 18:22:40,anonymous,,,D01-P044,8.0,8.0,8.0,4.0,8.0,6.0,8,4,1,1,8,8,2,8,2,5,7,5,7,1,1,1,1,1,1,4,3,7,Biodiversidade;Diversidade CulturalÂ ;Sustentabilidade;Recursos NaturaisÂ ;,Sim,,Sim,2 pessoas,Sim,Sim,31-59 anos,Feminino,Pardo,NÃ£o,,Sim,Outro Estado do Brasil,
161,2023-09-29 17:58:26,2023-09-29 18:37:05,anonymous,,,D02-P038,8.0,6.0,6.0,8.0,7.0,7.0,8,1,3,1,8,8,4,8,4,7,7,7,7,1,1,1,1,1,1,1,1,5,Sustentabilidade;Biodiversidade;Diversidade CulturalÂ ;Recursos NaturaisÂ ;,Sim,,Sim,1 pessoa,Sim,Sim,31-59 anos,Feminino,Branco,NÃ£o,,NÃ£o,Outro Estado do Brasil,
162,2023-09-29 18:31:48,2023-09-29 18:42:23,anonymous,,,S2_p07,5.0,4.0,4.0,5.0,4.0,5.0,7,7,3,5,6,4,4,7,3,3,3,3,4,3,3,1,1,1,1,1,1,1,Diversidade CulturalÂ ;Recursos NaturaisÂ ;,Sim,,NÃ£o,3 ou mais pessoas,Sim,Sim,31-59 anos,Masculino,Pardo,NÃ£o,,Sim,Outro Estado do Brasil,
163,2023-09-29 18:42:32,2023-09-29 18:46:58,anonymous,,,S2_p08,8.0,7.0,6.0,8.0,5.0,8.0,8,8,1,1,8,7,1,8,3,2,2,2,4,1,1,1,1,1,1,1,1,7,Diversidade CulturalÂ ;,Sim,,Sim,3 ou mais pessoas,Sim,Sim,31-59 anos,Masculino,Pardo,Sim,Visual,Sim,Outro Estado do Brasil,
164,2023-09-29 18:47:10,2023-09-29 18:55:44,anonymous,,,S2_p09,8.0,8.0,8.0,8.0,8.0,8.0,8,4,1,1,8,8,4,8,8,7,7,7,7,1,1,4,3,2,6,7,7,7,Sustentabilidade;Biodiversidade;Diversidade CulturalÂ ;Recursos NaturaisÂ ;,Sim,,Sim,2 pessoas,Sim,Sim,31-59 anos,Masculino,Pardo,NÃ£o,,Sim,Outro Estado do Brasil,
165,2023-09-29 18:39:24,2023-09-29 19:03:24,anonymous,,,D02-P039,8.0,8.0,8.0,8.0,8.0,8.0,8,2,1,1,8,8,8,8,8,3,4,4,7,1,1,1,1,1,1,1,7,7,Sustentabilidade;Biodiversidade;Diversidade CulturalÂ ;Recursos NaturaisÂ ;,Sim,,NÃ£o,1 pessoa,Sim,Sim,31-59 anos,Feminino,Pardo,NÃ£o,,NÃ£o,Outro Estado do Brasil,
166,2023-09-29 18:26:50,2023-09-29 19:19:47,anonymous,,,D01-P045,6.0,7.0,8.0,6.0,7.0,8.0,6,1,6,2,7,6,6,7,7,6,7,7,7,1,1,1,5,4,4,6,1,7,Biodiversidade;Diversidade CulturalÂ ;Sustentabilidade;,Sim,,NÃ£o,Nenhuma,Sim,Sim,31-59 anos,Masculino,Preto,NÃ£o,,NÃ£o,Outro Estado do Brasil,Uma enorme sensacao de pertencimento e de cuidado com a vida e o mundo
167,2023-09-29 19:04:20,2023-09-29 19:41:12,anonymous,,,D02-P040,8.0,7.0,8.0,8.0,7.0,8.0,7,5,8,5,8,8,7,7,8,7,5,7,7,2,2,3,4,4,1,7,7,7,Sustentabilidade;Biodiversidade;Diversidade CulturalÂ ;Recursos NaturaisÂ ;,Sim,,Sim,1 pessoa,Sim,Sim,Mais de 60 anos,Feminino,Branco,NÃ£o,,Sim,Outro Estado do Brasil,Amei tudo
168,2023-09-29 19:34:28,2023-09-29 20:03:14,anonymous,,,D05-P034,8.0,6.0,6.0,5.0,3.0,8.0,8,3,2,2,8,8,3,8,5,7,7,5,5,5,4,3,1,1,4,7,7,7,Biodiversidade;Sustentabilidade;Diversidade CulturalÂ ;Recursos NaturaisÂ ;,Sim,,NÃ£o,Nenhuma,Sim,Sim,19-30 anos,Feminino,Branco,NÃ£o,,Sim,Outro Estado do Brasil,"Senti falta de interacao fisica, atividades sensoriais"
169,2023-09-29 19:44:18,2023-09-29 20:16:17,anonymous,,,D03-P052,5.0,8.0,8.0,8.0,8.0,8.0,8,1,1,1,8,8,4,8,5,7,4,7,7,1,1,1,1,1,1,7,7,7,Diversidade CulturalÂ ;,Sim,,NÃ£o,2 pessoas,Sim,Sim,31-59 anos,Feminino,Pardo,NÃ£o,,Sim,Outro Estado do Brasil,Amei
170,2023-09-29 20:19:18,2023-09-29 20:32:49,anonymous,,,D01-P046,6.0,8.0,8.0,7.0,8.0,8.0,8,7,1,1,8,7,7,8,8,5,6,5,6,5,4,6,4,1,1,1,3,6,Sustentabilidade;Biodiversidade;Diversidade CulturalÂ ;Recursos NaturaisÂ ;,Sim,,Sim,1 pessoa,Talvez,Sim,19-30 anos,Masculino,Preto,NÃ£o,,NÃ£o,Outro Estado do Brasil,"Experiencia incrivel , gostei . Diferente . 
Primeira vez em um museu . 
Parabens "
171,2023-09-29 19:56:28,2023-09-29 20:43:58,anonymous,,,D04-P039,4.0,8.0,8.0,4.0,6.0,7.0,7,4,4,1,7,8,7,8,7,3,5,6,6,1,1,1,2,1,1,5,6,7,Biodiversidade;Diversidade CulturalÂ ;Recursos NaturaisÂ ;,Sim,,NÃ£o,1 pessoa,Sim,Sim,19-30 anos,Feminino,Preto,NÃ£o,,NÃ£o,Cidade do Rio,"Foi muito divertido, principlamente a parte do cubo que tem a as espÃ©cies!!!! 
O cubo com Fotos de diversas culturas diferentes tambÃ©m e maravilhoso!!
Resumindo amei ðŸ¥°"
172,2023-09-29 20:05:19,2023-09-29 20:59:29,anonymous,,,D05-P035,6.0,6.0,7.0,7.0,7.0,5.0,7,4,4,2,7,7,3,7,5,5,6,5,7,4,2,2,1,1,5,6,2,6,Sustentabilidade;Biodiversidade;Diversidade CulturalÂ ;Recursos NaturaisÂ ;,Sim,,NÃ£o,1 pessoa,Sim,Sim,31-59 anos,Feminino,Branco,NÃ£o,,NÃ£o,Outro Estado do Brasil,
173,2023-09-29 20:34:29,2023-09-29 21:11:05,anonymous,,,D01-P047,8.0,8.0,8.0,8.0,8.0,8.0,8,1,5,1,8,8,4,8,4,4,5,5,7,1,1,1,1,3,1,3,3,7,Biodiversidade;Diversidade CulturalÂ ;Recursos NaturaisÂ ;,Sim,,Sim,1 pessoa,Sim,Sim,31-59 anos,Masculino,Branco,NÃ£o,,Sim,Cidade do Rio,"Se prendeu a atenÃ§Ã£o so meu Neto que nÃ£o para quieto, sÃ³ pode ser maravilhoso."
174,2023-09-29 21:13:02,2023-09-29 21:37:25,anonymous,,,D01-P048,6.0,6.0,7.0,6.0,6.0,6.0,6,4,4,2,6,6,6,6,6,6,6,6,6,4,4,4,4,3,3,3,4,6,Sustentabilidade;Biodiversidade;Diversidade CulturalÂ ;Recursos NaturaisÂ ;,Sim,,NÃ£o,1 pessoa,Sim,Sim,31-59 anos,Masculino,Branco,NÃ£o,,Sim,Cidade do Rio,
175,2023-09-29 21:33:21,2023-09-29 21:40:19,anonymous,,,M1,6.0,8.0,8.0,7.0,8.0,8.0,8,6,3,3,6,6,3,8,3,7,4,6,4,1,1,1,1,3,1,7,5,7,Diversidade CulturalÂ ;Biodiversidade;,NÃ£o,1,Sim,1 pessoa,Sim,Sim,19-30 anos,Feminino,Branco,NÃ£o,,NÃ£o,Cidade do Rio,
176,2023-09-29 21:40:33,2023-09-29 21:47:06,anonymous,,,M2,8.0,8.0,2.0,8.0,8.0,5.0,7,4,2,1,8,8,3,8,8,7,7,7,7,1,1,4,2,1,1,7,7,7,Sustentabilidade;Biodiversidade;Diversidade CulturalÂ ;Recursos NaturaisÂ ;,Sim,,Sim,2 pessoas,Sim,Sim,Mais de 60 anos,Feminino,Preto,NÃ£o,,Sim,Estado do Rio,
177,2023-09-29 21:47:10,2023-09-29 21:52:02,anonymous,,,M3,8.0,8.0,4.0,8.0,6.0,2.0,8,3,1,1,8,8,1,1,8,7,7,7,7,1,1,1,1,1,1,5,7,7,Biodiversidade;Sustentabilidade;,NÃ£o,2,Sim,2 pessoas,Sim,Sim,31-59 anos,Feminino,Preto,Sim,Psicossocial,Sim,Cidade do Rio,
178,2023-09-29 21:55:10,2023-09-29 21:58:26,anonymous,,,M4,8.0,8.0,8.0,8.0,8.0,8.0,8,1,1,1,8,8,4,8,8,7,4,4,7,1,1,1,1,4,1,5,3,7,Sustentabilidade;Biodiversidade;Diversidade CulturalÂ ;Recursos NaturaisÂ ;,Sim,,Sim,1 pessoa,Sim,Sim,19-30 anos,Feminino,Preto,NÃ£o,,NÃ£o,Estado do Rio,
179,2023-09-29 21:03:37,2023-09-29 22:17:55,anonymous,,,D02-P041,4.0,4.0,4.0,3.0,3.0,3.0,8,5,5,3,6,7,3,6,4,5,4,4,4,2,2,2,2,2,2,3,6,7,Diversidade CulturalÂ ;Biodiversidade;,Sim,,NÃ£o,1 pessoa,Sim,Sim,Mais de 60 anos,Feminino,Branco,NÃ£o,,Sim,Outro Estado do Brasil,
180,2023-09-29 21:39:33,2023-09-29 22:29:32,anonymous,,,D03-P053,7.0,7.0,8.0,7.0,7.0,8.0,8,8,7,7,8,7,6,8,5,4,5,5,7,1,1,1,1,1,1,1,5,7,Biodiversidade;Diversidade CulturalÂ ;,Sim,,Sim,1 pessoa,Sim,Sim,31-59 anos,Feminino,Pardo,NÃ£o,,NÃ£o,Outro PaÃ­s,
181,2023-09-29 20:47:33,2023-09-29 22:35:03,anonymous,,,D04-P040,8.0,8.0,7.0,4.0,8.0,6.0,6,5,2,2,8,6,5,8,8,5,6,2,7,1,1,4,1,1,2,4,7,5,Biodiversidade;Recursos NaturaisÂ ;Corpo hunano;,Sim,,NÃ£o,1 pessoa,Sim,Sim,19-30 anos,Feminino,Preto,NÃ£o,,NÃ£o,Cidade do Rio,
182,2023-09-29 21:58:32,2023-09-29 22:50:41,anonymous,,,D05-P036,4.0,7.0,6.0,6.0,6.0,6.0,6,6,1,3,7,8,3,8,4,7,7,7,5,3,2,3,2,1,1,7,7,7,Recursos NaturaisÂ ;,NÃ£o,3 ou mais,Sim,1 pessoa,Sim,Sim,19-30 anos,Feminino,Pardo,NÃ£o,,NÃ£o,Cidade do Rio,
183,2023-09-29 22:37:30,2023-09-29 23:03:39,anonymous,,,D01-P049,5.0,8.0,1.0,7.0,7.0,1.0,6,4,6,7,8,8,8,8,8,5,5,6,4,3,1,3,1,2,2,1,5,7,Sustentabilidade;Biodiversidade;Diversidade CulturalÂ ;Recursos NaturaisÂ ;,Sim,,NÃ£o,1 pessoa,Sim,Sim,31-59 anos,Masculino,Branco,NÃ£o,,NÃ£o,Outro Estado do Brasil,
184,2023-09-29 22:54:03,2023-09-29 23:13:48,anonymous,,,D05-P037,8.0,4.0,8.0,8.0,6.0,8.0,8,2,1,1,8,8,4,8,8,7,7,7,7,4,4,1,1,1,4,6,7,7,Diversidade CulturalÂ ;Biodiversidade;Recursos NaturaisÂ ;,NÃ£o,3 ou mais,Sim,1 pessoa,Sim,Sim,19-30 anos,Feminino,Preto,NÃ£o,,NÃ£o,Estado do Rio,
185,2023-09-29 22:33:54,2023-09-29 23:14:36,anonymous,,,D03-P054,8.0,6.0,4.0,6.0,3.0,7.0,8,5,6,1,8,8,4,5,5,5,4,6,5,1,1,1,1,1,2,1,3,7,Recursos NaturaisÂ ;Biodiversidade;Sustentabilidade;Diversidade CulturalÂ ;,Sim,,Sim,1 pessoa,Sim,Sim,31-59 anos,Feminino,Amarelo,NÃ£o,,NÃ£o,Outro Estado do Brasil,
186,2023-09-29 23:00:12,2023-09-29 23:33:07,anonymous,,,D01-P050,8.0,7.0,7.0,6.0,7.0,7.0,7,5,6,2,7,5,5,5,4,5,5,6,5,3,3,2,2,1,1,1,2,4,Diversidade CulturalÂ ;,Sim,,Sim,2 pessoas,Sim,Sim,31-59 anos,Masculino,Branco,NÃ£o,,NÃ£o,Outro Estado do Brasil,
187,2023-09-30 16:36:13,2023-09-30 16:47:12,anonymous,,,M1,6.0,7.0,4.0,5.0,6.0,5.0,7,2,2,2,7,5,3,6,5,5,5,4,6,6,2,2,1,1,1,3,2,7,Sustentabilidade;Biodiversidade;Diversidade CulturalÂ ;Recursos NaturaisÂ ;,Sim,,Sim,3 ou mais pessoas,Sim,Sim,Mais de 60 anos,Masculino,Branco,NÃ£o,,Sim,Outro Estado do Brasil,
188,2023-09-30 16:31:03,2023-09-30 16:49:32,anonymous,,,D04-P041,8.0,8.0,8.0,8.0,8.0,8.0,8,3,3,3,8,8,6,8,8,5,4,4,6,5,4,3,3,1,2,5,4,7,Sustentabilidade;Biodiversidade;Diversidade CulturalÂ ;Recursos NaturaisÂ ;,Sim,,NÃ£o,1 pessoa,Sim,Sim,19-30 anos,Feminino,Pardo,NÃ£o,,NÃ£o,Outro Estado do Brasil,
189,2023-09-30 16:48:34,2023-09-30 16:51:38,anonymous,,,M2,7.0,7.0,7.0,4.0,6.0,5.0,6,2,4,2,5,5,6,6,6,4,3,5,4,2,2,5,4,2,2,2,3,6,Sustentabilidade;Biodiversidade;Diversidade CulturalÂ ;Recursos NaturaisÂ ;,Sim,,NÃ£o,1 pessoa,Sim,Sim,31-59 anos,Feminino,Branco,NÃ£o,,Sim,Outro Estado do Brasil,
190,2023-09-30 16:51:48,2023-09-30 16:55:30,anonymous,,,M3,7.0,8.0,8.0,5.0,8.0,8.0,7,3,1,1,6,8,1,8,4,5,7,6,7,1,1,7,1,1,1,7,2,4,Diversidade CulturalÂ ;,Sim,,Sim,1 pessoa,Sim,Sim,19-30 anos,Feminino,Branco,NÃ£o,,Sim,Outro Estado do Brasil,
191,2023-09-30 10:37:04,2023-09-30 16:56:44,anonymous,,,D03-P055,8.0,7.0,8.0,7.0,8.0,8.0,8,3,2,3,8,8,8,8,8,7,7,5,7,5,2,1,4,2,1,6,6,7,Biodiversidade;,Sim,,NÃ£o,1 pessoa,Sim,Sim,19-30 anos,Feminino,Preto,NÃ£o,,NÃ£o,Estado do Rio,
192,2023-09-30 16:55:47,2023-09-30 17:00:29,anonymous,,,M5,8.0,8.0,8.0,8.0,8.0,8.0,8,8,8,8,8,8,8,8,8,6,7,5,7,5,1,1,2,4,5,1,5,7,Diversidade CulturalÂ ;,Sim,,Sim,1 pessoa,Sim,Sim,31-59 anos,Feminino,Preto,NÃ£o,,NÃ£o,Outro Estado do Brasil,
193,2023-09-30 16:30:26,2023-09-30 17:04:23,anonymous,,,D02-P042,7.0,7.0,8.0,8.0,8.0,7.0,8,1,1,1,8,8,4,8,4,1,1,1,7,1,1,1,1,1,1,7,4,7,Recursos NaturaisÂ ;Diversidade CulturalÂ ;Biodiversidade;Sustentabilidade;,NÃ£o,1,Sim,1 pessoa,Sim,Sim,19-30 anos,Feminino,Pardo,NÃ£o,,NÃ£o,Cidade do Rio,
194,2023-09-30 17:00:36,2023-09-30 17:04:47,anonymous,,,M6,7.0,7.0,8.0,7.0,6.0,8.0,8,1,6,1,8,7,7,6,8,7,6,6,7,4,1,1,1,1,1,6,7,7,Sustentabilidade;Biodiversidade;Diversidade CulturalÂ ;Recursos NaturaisÂ ;,Sim,,NÃ£o,1 pessoa,Sim,Sim,31-59 anos,Masculino,Preto,NÃ£o,,NÃ£o,Cidade do Rio,Muito bacana o ambiente da exposiÃ§Ã£o e interaÃ§Ã£o nos difrentes espaÃ§os
195,2023-09-30 17:05:05,2023-09-30 17:07:54,anonymous,,,M7,5.0,5.0,5.0,6.0,6.0,6.0,5,4,2,2,5,6,3,6,4,3,6,6,6,4,3,3,2,2,2,2,6,6,Sustentabilidade;Biodiversidade;Recursos NaturaisÂ ;,Sim,,NÃ£o,1 pessoa,Sim,Sim,19-30 anos,Feminino,Pardo,NÃ£o,,NÃ£o,Outro Estado do Brasil,
196,2023-09-30 17:08:08,2023-09-30 17:11:13,anonymous,,,M8,8.0,7.0,7.0,8.0,6.0,6.0,8,1,1,1,8,8,8,8,8,7,7,7,7,3,1,1,1,1,1,4,7,2,Sustentabilidade;,NÃ£o,3 ou mais,Sim,3 ou mais pessoas,Sim,Sim,31-59 anos,Masculino,Branco,NÃ£o,,Sim,Cidade do Rio,
197,2023-09-30 17:11:23,2023-09-30 17:13:43,anonymous,,,M9,5.0,8.0,8.0,5.0,6.0,8.0,7,1,1,1,8,7,5,6,5,7,7,6,7,1,1,1,1,1,1,1,1,7,Sustentabilidade;Biodiversidade;Diversidade CulturalÂ ;,Sim,,Sim,2 pessoas,Sim,Sim,31-59 anos,Feminino,Branco,NÃ£o,,NÃ£o,Cidade do Rio,
198,2023-09-30 17:13:49,2023-09-30 17:19:30,anonymous,,,M10,6.0,8.0,8.0,6.0,7.0,7.0,7,3,3,2,7,8,3,8,4,5,7,5,7,4,4,4,6,4,4,7,7,7,Diversidade CulturalÂ ;Recursos NaturaisÂ ;Biodiversidade;,Sim,,Sim,3 ou mais pessoas,Sim,Sim,31-59 anos,Feminino,Pardo,NÃ£o,,NÃ£o,Outro Estado do Brasil,"Uma experiÃªncia incrÃ­vel, completa e dinÃ¢mica. "
199,2023-09-30 17:20:14,2023-09-30 17:23:07,anonymous,,,M11,5.0,6.0,7.0,6.0,6.0,8.0,7,6,5,4,8,7,7,7,6,5,5,6,6,5,2,4,3,1,1,4,5,5,Sustentabilidade;Biodiversidade;Diversidade CulturalÂ ;Recursos NaturaisÂ ;,Sim,,Sim,3 ou mais pessoas,Sim,Sim,31-59 anos,Feminino,Branco,NÃ£o,,Sim,Estado do Rio,
200,2023-09-30 17:23:16,2023-09-30 17:26:30,anonymous,,,M12,8.0,8.0,8.0,8.0,6.0,6.0,8,5,5,7,8,8,5,7,7,5,6,6,7,7,1,1,5,7,5,7,7,7,Biodiversidade;,NÃ£o,3 ou mais,Sim,1 pessoa,Sim,Sim,19-30 anos,Feminino,Preto,NÃ£o,,NÃ£o,Outro Estado do Brasil,
201,2023-09-30 17:26:40,2023-09-30 17:32:50,anonymous,,,M13,4.0,4.0,4.0,4.0,5.0,5.0,3,1,1,1,6,6,4,1,4,5,4,4,2,4,5,3,3,3,1,1,4,4,Sustentabilidade;Biodiversidade;Diversidade CulturalÂ ;,Sim,,Sim,1 pessoa,Sim,Sim,31-59 anos,Feminino,Branco,NÃ£o,,Sim,Outro PaÃ­s,
202,2023-09-30 17:32:58,2023-09-30 17:41:05,anonymous,,,M14,8.0,8.0,8.0,8.0,8.0,8.0,8,1,1,4,8,8,8,8,8,4,7,7,7,4,3,2,1,2,1,1,1,1,Diversidade CulturalÂ ;,Sim,,Sim,2 pessoas,Sim,Sim,31-59 anos,Masculino,Pardo,NÃ£o,,NÃ£o,Outro Estado do Brasil,
203,2023-09-30 16:51:27,2023-09-30 17:46:59,anonymous,,,D04-P042,4.0,5.0,7.0,5.0,4.0,4.0,4,2,2,1,4,4,4,6,1,5,6,5,7,4,1,1,5,1,1,1,7,7,Sustentabilidade;Biodiversidade;Diversidade CulturalÂ ;Recursos NaturaisÂ ;RelaÃ§Ãµes humanas;,NÃ£o,1,NÃ£o,3 ou mais pessoas,Sim,Sim,31-59 anos,Feminino,Pardo,NÃ£o,,NÃ£o,Outro Estado do Brasil,
204,2023-09-30 17:41:15,2023-09-30 17:47:43,anonymous,,,M15,8.0,8.0,8.0,8.0,8.0,8.0,8,5,5,3,8,8,4,8,5,7,5,5,7,1,5,5,3,4,1,5,3,7,Sustentabilidade;Biodiversidade;Diversidade CulturalÂ ;Recursos NaturaisÂ ;,Sim,,Sim,Nenhuma,Sim,Sim,31-59 anos,Feminino,Branco,NÃ£o,,NÃ£o,Outro Estado do Brasil,
205,2023-09-30 17:47:52,2023-09-30 17:52:00,anonymous,,,M17,6.0,6.0,6.0,6.0,6.0,6.0,7,5,3,3,6,7,4,7,4,5,3,4,5,1,1,1,1,1,1,1,3,6,Diversidade CulturalÂ ;,Sim,,NÃ£o,3 ou mais pessoas,Sim,Sim,31-59 anos,Feminino,Branco,NÃ£o,,Sim,Outro Estado do Brasil,
206,2023-09-30 17:06:04,2023-09-30 17:53:05,anonymous,,,D02-P043,5.0,7.0,8.0,5.0,7.0,8.0,7,5,6,3,8,8,3,8,5,5,6,7,7,2,2,3,4,2,2,4,4,6,Recursos NaturaisÂ ;,Sim,,Sim,3 ou mais pessoas,Sim,Sim,31-59 anos,Masculino,Pardo,NÃ£o,,Sim,Cidade do Rio,
207,2023-09-30 16:58:48,2023-09-30 17:54:53,anonymous,,,D03-P056,6.0,8.0,7.0,5.0,6.0,6.0,8,3,1,1,8,8,5,6,4,5,4,3,4,1,1,1,1,1,1,1,5,3,Diversidade CulturalÂ ;,NÃ£o,3 ou mais,Sim,1 pessoa,Sim,Sim,31-59 anos,Feminino,Branco,NÃ£o,,Sim,Cidade do Rio,
208,2023-09-30 17:52:11,2023-09-30 17:57:48,anonymous,,,M19,7.0,6.0,7.0,7.0,7.0,7.0,7,2,1,2,6,6,3,8,2,7,7,7,7,1,1,1,1,1,1,1,7,7,Sustentabilidade;Biodiversidade;Diversidade CulturalÂ ;,NÃ£o,1,Sim,2 pessoas,Sim,Sim,31-59 anos,Feminino,Preto,NÃ£o,,NÃ£o,Cidade do Rio,
209,2023-09-30 17:57:51,2023-09-30 18:07:57,anonymous,,,M20,7.0,7.0,7.0,5.0,5.0,5.0,7,5,4,3,8,7,6,8,8,4,5,5,7,3,3,3,3,3,3,6,6,7,Biodiversidade;Recursos NaturaisÂ ;,Sim,,Sim,Nenhuma,Sim,Sim,31-59 anos,Feminino,Branco,NÃ£o,,NÃ£o,Outro Estado do Brasil,
210,2023-09-30 18:08:06,2023-09-30 18:13:14,anonymous,,,M21,8.0,8.0,8.0,8.0,8.0,8.0,8,1,1,1,8,8,3,8,8,1,1,1,7,1,1,1,1,1,1,7,7,7,Sustentabilidade;Biodiversidade;Diversidade CulturalÂ ;Recursos NaturaisÂ ;,Sim,,Sim,3 ou mais pessoas,Sim,Sim,31-59 anos,Feminino,Pardo,NÃ£o,,Sim,Estado do Rio,Tudo muito lindo
211,2023-09-30 18:16:06,2023-09-30 18:20:22,anonymous,,,D02-P044,4.0,6.0,8.0,5.0,7.0,8.0,8,8,1,4,8,8,8,8,8,6,3,4,7,7,1,1,1,1,1,6,4,1,Diversidade CulturalÂ ;Recursos NaturaisÂ ;Biodiversidade;,Sim,,NÃ£o,3 ou mais pessoas,Sim,Sim,19-30 anos,Feminino,Pardo,NÃ£o,,Sim,Outro Estado do Brasil,
212,2023-09-30 18:21:17,2023-09-30 18:31:25,anonymous,,,D02-P045,8.0,8.0,8.0,8.0,8.0,8.0,8,8,8,8,8,8,8,8,8,7,7,7,7,7,7,7,7,7,7,7,7,7,Sustentabilidade;,Sim,,Sim,2 pessoas,Sim,Sim,19-30 anos,Masculino,Branco,NÃ£o,,NÃ£o,Cidade do Rio,
1,2023-09-30 18:36:45,2023-09-30 18:37:40,anonymous,,,Sdwg,2.0,4.0,5.0,4.0,4.0,4.0,4,4,4,4,4,4,4,4,4,7,5,5,2,4,5,4,4,5,5,4,5,5,Diversidade CulturalÂ ;,NÃ£o,2,Sim,2 pessoas,Talvez,Talvez,19-30 anos,Masculino,Branco,Prefiro nÃ£o informar,,Sim,Outro Estado do Brasil,
2,2023-09-30 18:39:08,2023-09-30 18:43:27,anonymous,,,M22,8.0,6.0,3.0,8.0,8.0,6.0,8,8,2,2,8,8,2,5,8,7,7,7,6,2,1,1,1,1,1,1,7,7,Sustentabilidade;Biodiversidade;Diversidade CulturalÂ ;,Sim,,Sim,2 pessoas,Sim,Sim,31-59 anos,Feminino,Preto,NÃ£o,,Sim,Cidade do Rio,"Parabens Pela educaÃ§ao, muito atencioso e cachecol lindo"
3,2023-09-30 18:43:35,2023-09-30 18:50:47,anonymous,,,M23,7.0,6.0,6.0,6.0,6.0,6.0,5,5,5,4,5,6,5,5,5,4,4,4,4,4,4,5,5,5,5,5,5,5,Diversidade CulturalÂ ;,Sim,,NÃ£o,1 pessoa,Talvez,Sim,19-30 anos,Masculino,Pardo,NÃ£o,,NÃ£o,Outro Estado do Brasil,
4,2023-09-30 18:41:04,2023-09-30 18:51:19,anonymous,,,D01-P053,4.0,6.0,7.0,6.0,6.0,7.0,8,3,1,1,6,6,2,7,6,3,3,3,6,5,3,2,1,1,1,1,1,5,Diversidade CulturalÂ ;,Sim,,NÃ£o,1 pessoa,Sim,Sim,AtÃ© 18 anos,Masculino,Branco,NÃ£o,,NÃ£o,Cidade do Rio,
5,2023-09-30 18:50:57,2023-09-30 18:58:39,anonymous,,,M24,8.0,8.0,4.0,8.0,7.0,6.0,8,3,1,1,8,8,8,8,8,7,7,7,7,2,1,1,5,1,1,7,7,7,Sustentabilidade;Biodiversidade;Diversidade CulturalÂ ;,Sim,,NÃ£o,3 ou mais pessoas,Sim,Sim,Mais de 60 anos,Feminino,Preto,NÃ£o,,Sim,Estado do Rio,
6,2023-09-30 18:43:16,2023-09-30 19:10:00,anonymous,,,D05-P038,4.0,8.0,8.0,5.0,8.0,8.0,8,1,1,2,7,5,3,8,5,4,6,5,6,3,1,1,5,3,1,1,1,7,Diversidade CulturalÂ ;,NÃ£o,3 ou mais,NÃ£o,1 pessoa,Sim,Sim,19-30 anos,Masculino,Pardo,NÃ£o,,NÃ£o,Cidade do Rio,
7,2023-09-30 18:51:56,2023-09-30 19:14:44,anonymous,,,D01-P054,8.0,8.0,8.0,8.0,8.0,8.0,8,6,8,6,8,8,8,8,8,7,5,5,7,1,1,6,6,1,1,5,1,7,Biodiversidade;Diversidade CulturalÂ ;Recursos NaturaisÂ ;Sustentabilidade;,Sim,,Sim,3 ou mais pessoas,Sim,Sim,31-59 anos,Feminino,Branco,NÃ£o,,Sim,Outro Estado do Brasil,
8,2023-09-30 18:37:45,2023-09-30 19:19:25,anonymous,,,D02-P046,7.0,7.0,6.0,7.0,7.0,7.0,8,5,6,5,8,8,6,8,6,4,4,4,6,5,1,3,1,1,1,4,7,6,Sustentabilidade;Biodiversidade;Diversidade CulturalÂ ;Recursos NaturaisÂ ;,NÃ£o,1,NÃ£o,1 pessoa,Sim,Sim,19-30 anos,Feminino,Preto,NÃ£o,,NÃ£o,Outro Estado do Brasil,
9,2023-09-30 19:13:08,2023-09-30 19:54:44,anonymous,,,D03-P058,8.0,8.0,8.0,8.0,8.0,8.0,8,3,1,3,8,8,6,7,5,4,5,3,7,6,1,1,1,1,1,3,7,7,Biodiversidade;Diversidade CulturalÂ ;Recursos NaturaisÂ ;,Sim,,NÃ£o,1 pessoa,Sim,Sim,19-30 anos,Feminino,Preto,NÃ£o,,NÃ£o,Estado do Rio,"Percebi que o universo alÃ©m de vasto Ã© uma incognita fascinante, que vislumbra os olhares que seguem tÃ£o triviais."
10,2023-09-30 20:36:06,2023-09-30 20:48:34,anonymous,,,R1,4.0,4.0,5.0,3.0,5.0,6.0,4,2,2,1,6,6,2,7,3,4,3,5,5,2,1,1,4,1,2,5,5,7,Sustentabilidade;Biodiversidade;Diversidade CulturalÂ ;Recursos NaturaisÂ ;,Sim,,Sim,2 pessoas,Sim,Sim,19-30 anos,Masculino,Pardo,NÃ£o,,NÃ£o,Cidade do Rio,
11,2023-09-30 20:48:40,2023-09-30 20:53:56,anonymous,,,R2,6.0,8.0,8.0,1.0,8.0,6.0,8,1,1,1,8,8,1,6,6,4,4,1,7,1,1,1,1,1,1,7,7,7,Diversidade CulturalÂ ;Sustentabilidade;,NÃ£o,3 ou mais,NÃ£o,1 pessoa,Sim,Sim,19-30 anos,Feminino,Pardo,NÃ£o,,NÃ£o,Cidade do Rio,
12,2023-09-30 20:54:17,2023-09-30 21:00:18,anonymous,,,R3,8.0,8.0,7.0,8.0,7.0,8.0,8,5,1,1,8,8,1,8,5,7,7,7,7,2,2,1,1,1,1,7,7,7,Biodiversidade;Diversidade CulturalÂ ;Recursos NaturaisÂ ;,Sim,,NÃ£o,Nenhuma,Sim,Sim,31-59 anos,Feminino,Branco,NÃ£o,,NÃ£o,Outro Estado do Brasil,
13,2023-09-30 21:00:23,2023-09-30 21:06:35,anonymous,,,R4,8.0,6.0,4.0,7.0,8.0,8.0,8,1,1,1,7,7,7,4,2,7,7,5,7,2,1,1,7,2,2,7,7,7,Biodiversidade;Diversidade CulturalÂ ;,NÃ£o,2,Sim,1 pessoa,Sim,Sim,AtÃ© 18 anos,Feminino,Branco,NÃ£o,,NÃ£o,Cidade do Rio,
14,2023-09-30 18:58:43,2023-09-30 21:06:43,anonymous,,,D03-P059,5.0,8.0,8.0,6.0,8.0,8.0,7,1,1,2,7,7,1,8,2,7,6,5,7,5,1,1,1,1,1,1,1,7,Biodiversidade;Diversidade CulturalÂ ;Recursos NaturaisÂ ;,Sim,,Sim,Nenhuma,Sim,Sim,19-30 anos,Feminino,Preto,NÃ£o,,NÃ£o,Outro Estado do Brasil,
15,2023-09-30 21:06:41,2023-09-30 21:11:46,anonymous,,,R5,5.0,5.0,8.0,5.0,8.0,8.0,8,6,6,6,6,6,6,6,6,6,6,4,4,4,4,4,1,1,1,6,7,7,Diversidade CulturalÂ ;Biodiversidade;,Sim,,NÃ£o,1 pessoa,NÃ£o,Sim,19-30 anos,Feminino,Amarelo,NÃ£o,,NÃ£o,Outro Estado do Brasil,
16,2023-09-30 21:11:58,2023-09-30 21:16:34,anonymous,,,R6,5.0,6.0,7.0,5.0,5.0,7.0,8,8,8,5,5,6,6,6,6,7,7,6,7,7,6,3,3,3,3,4,3,5,Sustentabilidade;Biodiversidade;Diversidade CulturalÂ ;Recursos NaturaisÂ ;,NÃ£o,3 ou mais,Sim,1 pessoa,Sim,Sim,19-30 anos,Feminino,Preto,NÃ£o,,NÃ£o,Estado do Rio,
17,2023-09-30 19:24:18,2023-09-30 21:24:15,anonymous,,,D02-P047,5.0,7.0,6.0,5.0,5.0,6.0,6,1,1,2,6,7,1,7,1,4,3,5,4,1,1,1,1,1,1,1,1,5,Biodiversidade;Diversidade CulturalÂ ;,NÃ£o,1,NÃ£o,1 pessoa,Sim,Sim,31-59 anos,Masculino,Branco,NÃ£o,,NÃ£o,Estado do Rio,
18,2023-09-30 21:16:41,2023-09-30 21:27:49,anonymous,,,R8,1.0,1.0,1.0,1.0,1.0,1.0,3,8,8,8,2,3,6,3,5,1,1,1,1,7,7,7,7,1,1,7,7,7,Diversidade CulturalÂ ;,Sim,,Sim,3 ou mais pessoas,NÃ£o,NÃ£o,Mais de 60 anos,Masculino,Amarelo,Prefiro nÃ£o informar,,Sim,Outro Estado do Brasil,
19,2023-09-30 19:21:28,2023-09-30 21:29:54,anonymous,,,D01-P055,7.0,6.0,5.0,6.0,5.0,5.0,7,2,2,1,5,5,3,8,4,6,6,4,6,3,2,1,4,2,1,5,6,7,Biodiversidade;Diversidade CulturalÂ ;,Sim,,Sim,3 ou mais pessoas,Sim,Sim,31-59 anos,Masculino,Branco,NÃ£o,,Sim,Cidade do Rio,
20,2023-09-30 21:27:52,2023-09-30 21:32:03,anonymous,,,R9,5.0,4.0,6.0,6.0,3.0,6.0,4,5,7,4,5,6,5,4,6,5,5,6,3,5,5,4,6,4,7,5,6,5,Sustentabilidade;Diversidade CulturalÂ ;,Sim,,Sim,Nenhuma,Talvez,Talvez,Mais de 60 anos,Feminino,Preto,NÃ£o,,Sim,Estado do Rio,
21,2023-09-30 21:38:33,2023-09-30 21:40:03,anonymous,,,D05-P039,8.0,4.0,8.0,5.0,5.0,4.0,4,1,1,1,4,4,3,3,4,4,4,3,4,3,1,2,1,1,1,1,4,4,Sustentabilidade;,Sim,,Sim,2 pessoas,Sim,Sim,31-59 anos,Masculino,Preto,NÃ£o,,Sim,Estado do Rio,
22,2023-09-30 21:11:57,2023-09-30 21:44:49,anonymous,,,D04-P043,1.0,1.0,1.0,1.0,1.0,1.0,1,4,1,1,1,1,1,1,1,1,2,1,1,1,1,4,1,1,1,1,1,1,Nao me prendeu a atencao;,Sim,,Sim,2 pessoas,NÃ£o,NÃ£o,31-59 anos,Feminino,NÃ£o sei / Prefiro nÃ£o responder,NÃ£o,,NÃ£o,Outro PaÃ­s,Nao foi bem definido o q fazer no museu. Tive que perguntar. Informacoes razas e basicas. Talvez para escolas de ginÃ¡sio com professor acompanhando e explicando.
23,2023-09-30 21:32:06,2023-09-30 21:46:47,anonymous,,,R10,5.0,8.0,6.0,7.0,8.0,8.0,8,3,1,1,8,8,6,8,5,3,3,3,3,4,3,5,2,1,1,1,1,1,Sustentabilidade;Biodiversidade;,NÃ£o,2,Sim,3 ou mais pessoas,Sim,Sim,31-59 anos,Feminino,Branco,NÃ£o,,Sim,Estado do Rio,
24,2023-09-30 21:46:52,2023-09-30 21:55:57,anonymous,,,R11,5.0,6.0,6.0,5.0,6.0,6.0,6,3,2,6,4,5,3,6,6,3,1,1,5,2,1,1,1,1,1,1,4,5,Sustentabilidade;Biodiversidade;Recursos NaturaisÂ ;,NÃ£o,3 ou mais,Sim,2 pessoas,Sim,Sim,19-30 anos,Masculino,Branco,NÃ£o,,NÃ£o,Cidade do Rio,
25,2023-09-30 21:36:31,2023-09-30 21:58:04,anonymous,,,D05-P040,8.0,8.0,8.0,1.0,8.0,8.0,8,1,1,1,8,8,8,8,8,7,7,7,7,1,1,1,1,1,1,4,7,7,Sustentabilidade;Biodiversidade;Diversidade CulturalÂ ;Recursos NaturaisÂ ;,NÃ£o,3 ou mais,Sim,2 pessoas,Sim,Sim,31-59 anos,Feminino,Branco,NÃ£o,,Sim,Cidade do Rio,
26,2023-09-30 21:56:04,2023-09-30 22:04:44,anonymous,,,R12,6.0,4.0,3.0,1.0,5.0,4.0,4,1,1,1,3,3,1,6,2,3,2,2,3,1,1,1,1,1,1,1,3,7,Biodiversidade;,Sim,,Sim,1 pessoa,Talvez,Sim,19-30 anos,Feminino,Pardo,NÃ£o,,NÃ£o,Outro Estado do Brasil,
27,2023-09-30 21:33:45,2023-09-30 22:07:46,anonymous,,,D01-P056,8.0,7.0,7.0,7.0,8.0,8.0,7,4,6,1,8,8,4,7,7,7,3,5,5,2,2,2,4,4,4,6,7,7,Sustentabilidade;Diversidade CulturalÂ ;Recursos NaturaisÂ ;Biodiversidade;,Sim,,Sim,1 pessoa,Sim,Sim,31-59 anos,Feminino,Branco,NÃ£o,,Sim,Outro PaÃ­s,"Es muy intereste conocer nuestro mundo visto mas globalmente. Adore la experiencia
"
28,2023-09-30 22:04:49,2023-09-30 22:13:16,anonymous,,,R13,6.0,6.0,8.0,8.0,5.0,8.0,8,1,5,1,7,7,4,6,4,5,6,2,4,1,1,5,4,4,5,7,4,7,Diversidade CulturalÂ ;Biodiversidade;Sustentabilidade;Recursos NaturaisÂ ;,Sim,,Sim,1 pessoa,Sim,Sim,19-30 anos,Feminino,Pardo,NÃ£o,,NÃ£o,Outro Estado do Brasil,
29,2023-09-30 22:13:21,2023-09-30 22:19:30,anonymous,,,R14,5.0,5.0,5.0,6.0,6.0,6.0,6,3,1,5,3,3,4,3,3,2,2,2,5,5,2,2,2,2,2,4,2,6,Recursos NaturaisÂ ;Diversidade CulturalÂ ;Biodiversidade;Sustentabilidade;,NÃ£o,1,Sim,2 pessoas,Talvez,Sim,19-30 anos,Masculino,Branco,NÃ£o,,NÃ£o,Estado do Rio,
30,2023-09-30 21:59:21,2023-09-30 22:21:00,anonymous,,,D02-P048,8.0,8.0,8.0,8.0,8.0,8.0,8,8,8,8,8,8,8,8,8,7,7,7,7,7,7,7,7,7,7,7,7,7,Sustentabilidade;Biodiversidade;Diversidade CulturalÂ ;Recursos NaturaisÂ ;,Sim,,Sim,3 ou mais pessoas,Sim,Sim,Mais de 60 anos,Feminino,Branco,NÃ£o,,Sim,Outro Estado do Brasil,
31,2023-09-30 22:06:23,2023-09-30 22:34:17,anonymous,,,D05-P041,6.0,8.0,6.0,5.0,8.0,8.0,6,3,3,1,8,6,6,8,5,5,6,7,7,3,2,2,3,3,1,7,7,7,Diversidade CulturalÂ ;Biodiversidade;,Sim,,NÃ£o,3 ou mais pessoas,Sim,Sim,31-59 anos,Masculino,Pardo,NÃ£o,,Sim,Cidade do Rio,
32,2023-09-30 21:48:44,2023-09-30 22:39:55,anonymous,,,D04-P044,6.0,8.0,5.0,6.0,8.0,6.0,8,1,4,1,7,3,4,8,6,6,4,2,4,1,1,1,3,1,7,4,7,7,Diversidade CulturalÂ ;,Sim,,Sim,1 pessoa,Talvez,Sim,19-30 anos,Masculino,Branco,NÃ£o,,Sim,Cidade do Rio,"Muito foda, Mano."
33,2023-09-30 22:19:41,2023-09-30 22:40:48,anonymous,,,R15,5.0,5.0,5.0,1.0,5.0,5.0,5,6,2,6,6,5,1,5,3,3,1,1,4,5,1,1,1,1,1,1,4,4,Biodiversidade;Diversidade CulturalÂ ;,Sim,,NÃ£o,1 pessoa,Talvez,Talvez,Mais de 60 anos,Feminino,Amarelo,NÃ£o,,Sim,Outro PaÃ­s,
34,2023-09-30 22:40:51,2023-09-30 22:43:11,anonymous,,,R16,6.0,6.0,4.0,2.0,5.0,3.0,8,1,1,1,8,8,3,8,1,4,1,1,7,4,2,1,1,1,1,5,5,5,Sustentabilidade;Recursos NaturaisÂ ;,NÃ£o,1,Sim,3 ou mais pessoas,Sim,Sim,31-59 anos,Masculino,Pardo,NÃ£o,,Sim,Outro Estado do Brasil,
35,2023-09-30 22:43:14,2023-09-30 22:45:22,anonymous,,,R17,8.0,8.0,8.0,4.0,6.0,2.0,8,8,1,5,8,8,6,8,5,7,3,3,7,6,1,5,5,2,1,7,7,7,Recursos NaturaisÂ ;Diversidade CulturalÂ ;Biodiversidade;Sustentabilidade;,Sim,,Sim,3 ou mais pessoas,Sim,Sim,31-59 anos,Masculino,Preto,NÃ£o,,Sim,Outro Estado do Brasil,
36,2023-09-30 22:45:25,2023-09-30 22:54:34,anonymous,,,R18,4.0,4.0,2.0,1.0,1.0,1.0,6,4,4,2,6,5,3,1,6,1,2,1,1,4,6,4,1,1,2,2,4,4,Nada;,Sim,,Sim,Nenhuma,Talvez,Talvez,31-59 anos,Masculino,Branco,NÃ£o,,NÃ£o,Cidade do Rio,"Falta ciencia. Vi apenas efeito visual vazio. Mas tem cura, da para consetar"
37,2023-09-30 22:54:41,2023-09-30 22:59:09,anonymous,,,R19,8.0,8.0,8.0,8.0,8.0,8.0,8,1,1,1,8,8,1,8,8,7,7,7,7,1,1,1,1,1,1,1,1,1,Diversidade CulturalÂ ;,Sim,,Sim,1 pessoa,Sim,Sim,19-30 anos,Feminino,Preto,NÃ£o,,NÃ£o,Cidade do Rio,
38,2023-09-30 22:37:36,2023-09-30 23:02:23,anonymous,,,D05-P042,8.0,8.0,8.0,8.0,8.0,8.0,8,1,1,1,8,8,8,8,6,7,7,6,7,4,4,3,4,1,1,4,4,7,Sustentabilidade;Biodiversidade;Diversidade CulturalÂ ;Recursos NaturaisÂ ;,Sim,,NÃ£o,3 ou mais pessoas,Sim,Sim,31-59 anos,Masculino,Branco,Prefiro nÃ£o informar,,NÃ£o,Outro Estado do Brasil,Amei a experiencia 
39,2023-09-30 22:11:21,2023-09-30 23:02:51,anonymous,,,D01-P057,4.0,6.0,4.0,4.0,5.0,4.0,6,4,3,3,5,4,3,5,3,2,3,2,2,3,2,1,1,1,1,1,1,1,Biodiversidade;,NÃ£o,2,Sim,3 ou mais pessoas,Talvez,Sim,31-59 anos,Feminino,NÃ£o sei / Prefiro nÃ£o responder,Sim,Auditiva,Sim,Cidade do Rio,
40,2023-09-30 22:25:25,2023-09-30 23:04:41,anonymous,,,D02-P049,8.0,8.0,8.0,8.0,8.0,8.0,8,1,1,1,8,8,5,1,5,3,3,3,7,1,1,1,1,1,1,1,1,7,Diversidade CulturalÂ ;,Sim,,Sim,2 pessoas,Sim,Sim,31-59 anos,Feminino,Preto,NÃ£o,,Sim,Estado do Rio,A visita foi Ã³tima
41,2023-09-30 22:59:15,2023-09-30 23:32:42,anonymous,,,R20,7.0,7.0,8.0,8.0,8.0,8.0,8,2,2,3,8,8,8,6,3,6,7,3,7,1,1,1,3,1,1,7,2,7,Sustentabilidade;Biodiversidade;,NÃ£o,3 ou mais,Sim,Nenhuma,Sim,Sim,19-30 anos,Feminino,Branco,NÃ£o,,NÃ£o,Cidade do Rio,
42,2023-09-30 23:32:48,2023-09-30 23:46:04,anonymous,,,R21,7.0,8.0,5.0,7.0,5.0,8.0,6,1,1,1,6,6,3,8,7,3,2,2,7,1,1,1,1,1,1,7,4,7,Biodiversidade;Recursos NaturaisÂ ;Diversidade CulturalÂ ;,NÃ£o,1,Sim,3 ou mais pessoas,Talvez,Sim,19-30 anos,Masculino,Preto,NÃ£o,,NÃ£o,Outro PaÃ­s,
43,2023-09-30 23:04:53,2023-09-30 23:47:58,anonymous,,,D05-P043,7.0,7.0,8.0,6.0,6.0,8.0,8,2,1,1,8,8,1,8,7,5,6,4,7,3,1,1,1,1,1,6,5,6,Diversidade CulturalÂ ;Biodiversidade;,Sim,,Sim,1 pessoa,Sim,Sim,19-30 anos,Feminino,Preto,NÃ£o,,NÃ£o,Cidade do Rio,EstÃ¡ sendo muito agregador
44,2023-09-30 23:46:09,2023-09-30 23:51:43,anonymous,,,R22,7.0,6.0,8.0,7.0,7.0,7.0,8,2,3,2,7,8,2,7,3,5,5,6,6,2,2,2,2,2,2,6,7,7,Diversidade CulturalÂ ;,Sim,,Sim,3 ou mais pessoas,Sim,Sim,19-30 anos,Masculino,Branco,NÃ£o,,NÃ£o,Cidade do Rio,
45,2023-09-30 23:08:00,2023-09-30 23:58:48,anonymous,,,D01-P058,6.0,6.0,8.0,7.0,7.0,8.0,7,7,4,4,7,8,4,8,8,7,7,7,7,1,1,5,6,1,1,6,1,7,Diversidade CulturalÂ ;Recursos NaturaisÂ ;Biodiversidade;Sustentabilidade;,Sim,,Sim,Nenhuma,Sim,Sim,31-59 anos,Feminino,Branco,NÃ£o,,Sim,Outro Estado do Brasil,Tudo muito fascinante. Mas em alguns momentos me senti cansada.
46,2023-09-30 23:30:54,2023-10-01 00:03:19,anonymous,,,D04-P045,8.0,6.0,5.0,8.0,8.0,7.0,8,1,1,4,8,8,4,8,5,7,4,1,5,1,1,1,1,1,1,1,3,7,Diversidade CulturalÂ ;Biodiversidade;,Sim,,NÃ£o,Nenhuma,Sim,Sim,19-30 anos,Feminino,Branco,NÃ£o,,NÃ£o,Outro Estado do Brasil,A primeira sala foi simplesmente fascinate. Fiquei apaixonada
47,2023-10-01 00:03:57,2023-10-01 00:06:38,anonymous,,,S20_p011,5.0,4.0,4.0,5.0,4.0,4.0,5,1,1,2,4,4,2,4,4,7,6,3,4,1,1,1,1,1,1,3,4,6,Sustentabilidade;Biodiversidade;,Sim,,Sim,3 ou mais pessoas,Sim,Sim,31-59 anos,Feminino,Branco,NÃ£o,,Sim,Cidade do Rio,
48,2023-09-30 23:52:08,2023-10-01 00:08:10,anonymous,,,R23,8.0,8.0,8.0,8.0,8.0,8.0,8,3,1,1,7,8,4,6,5,5,5,5,6,1,1,1,1,1,1,5,6,7,Biodiversidade;Diversidade CulturalÂ ;Recursos NaturaisÂ ;Sustentabilidade;,Sim,,Sim,1 pessoa,Sim,Sim,19-30 anos,Feminino,Preto,NÃ£o,,NÃ£o,Estado do Rio,
49,2023-10-01 00:05:17,2023-10-01 00:11:13,anonymous,,,M1,8.0,8.0,5.0,8.0,7.0,7.0,8,1,1,1,6,5,1,8,8,7,7,7,7,2,1,1,1,1,1,7,7,7,Sustentabilidade;Biodiversidade;Recursos NaturaisÂ ;,Sim,,Sim,3 ou mais pessoas,Sim,Sim,Mais de 60 anos,Feminino,Preto,NÃ£o,,Sim,Cidade do Rio,
50,2023-10-01 00:06:48,2023-10-01 00:12:23,anonymous,,,S20_p012,8.0,8.0,8.0,8.0,8.0,8.0,8,4,5,5,8,8,8,8,8,4,3,3,4,1,1,5,2,5,2,2,3,4,Recursos NaturaisÂ ;Biodiversidade;Diversidade CulturalÂ ;Sustentabilidade;,NÃ£o,1,Sim,2 pessoas,Sim,Sim,31-59 anos,Feminino,Pardo,NÃ£o,,Sim,Cidade do Rio,
51,2023-09-30 23:34:03,2023-10-01 00:15:31,anonymous,,,D02-P051,8.0,8.0,8.0,8.0,8.0,8.0,8,1,1,1,8,8,8,8,6,5,7,7,7,1,1,1,1,1,1,1,3,6,Sustentabilidade;Biodiversidade;Diversidade CulturalÂ ;Recursos NaturaisÂ ;,Sim,,Sim,Nenhuma,Sim,Sim,Mais de 60 anos,Masculino,Branco,NÃ£o,,Sim,Outro Estado do Brasil,"Maravilhosa experiencia, vou retornar amanha para ver com mais tempo"
52,2023-10-01 00:11:15,2023-10-01 00:18:17,anonymous,,,M2,8.0,8.0,5.0,7.0,7.0,4.0,8,2,2,1,1,5,1,8,8,7,7,7,5,2,1,1,2,3,2,5,6,5,Diversidade CulturalÂ ;Recursos NaturaisÂ ;,NÃ£o,2,Sim,1 pessoa,Talvez,Sim,Mais de 60 anos,Feminino,Preto,NÃ£o,,Sim,Outro Estado do Brasil,
53,2023-10-01 00:12:41,2023-10-01 00:19:49,anonymous,,,S20_p013,1.0,2.0,6.0,8.0,2.0,8.0,8,2,8,2,8,8,2,8,8,5,2,1,4,1,1,1,6,1,3,1,4,4,Recursos NaturaisÂ ;,NÃ£o,1,Sim,1 pessoa,Talvez,Talvez,31-59 anos,Masculino,Branco,NÃ£o,,NÃ£o,Cidade do Rio,
54,2023-10-01 16:02:13,2023-10-01 16:44:05,anonymous,,,R1,8.0,8.0,8.0,8.0,8.0,8.0,8,1,1,1,8,8,4,8,3,7,7,7,7,1,1,1,1,1,1,1,1,1,Diversidade CulturalÂ ;,Sim,,NÃ£o,2 pessoas,Sim,Sim,19-30 anos,Feminino,Branco,NÃ£o,,Sim,Outro Estado do Brasil,"Muito bom, adorei Tudo "
55,2023-10-01 16:01:37,2023-10-01 16:45:23,anonymous,,,D03-P060,5.0,6.0,6.0,6.0,6.0,7.0,8,3,6,3,7,8,6,8,6,4,6,5,3,3,3,4,5,1,1,7,5,6,Sustentabilidade;Diversidade CulturalÂ ;Biodiversidade;,Sim,,Sim,2 pessoas,Sim,Sim,19-30 anos,Masculino,Branco,NÃ£o,,NÃ£o,Outro Estado do Brasil,
56,2023-10-01 16:44:13,2023-10-01 16:56:09,anonymous,,,R2,6.0,7.0,7.0,5.0,5.0,5.0,7,3,4,1,6,5,5,7,5,5,5,5,7,2,2,2,2,1,1,1,7,7,Biodiversidade;Diversidade CulturalÂ ;,Sim,,Sim,1 pessoa,Sim,Sim,31-59 anos,Masculino,Pardo,NÃ£o,,Sim,Outro Estado do Brasil,
57,2023-10-01 16:56:25,2023-10-01 17:03:13,anonymous,,,R3,8.0,6.0,8.0,5.0,8.0,8.0,8,2,1,1,6,6,3,5,4,7,7,7,7,7,2,1,1,1,2,4,4,7,Sustentabilidade;,NÃ£o,2,Sim,3 ou mais pessoas,Sim,Sim,Mais de 60 anos,Feminino,Branco,NÃ£o,,Sim,Cidade do Rio,
58,2023-10-01 17:03:19,2023-10-01 17:09:34,anonymous,,,R4,8.0,8.0,8.0,7.0,8.0,8.0,8,3,2,3,8,8,6,8,8,6,6,7,7,4,3,2,6,1,4,5,6,7,Sustentabilidade;Biodiversidade;Diversidade CulturalÂ ;Recursos NaturaisÂ ;,Sim,,Sim,2 pessoas,Sim,Sim,19-30 anos,Masculino,Preto,NÃ£o,,NÃ£o,Outro Estado do Brasil,
59,2023-10-01 17:09:44,2023-10-01 17:18:37,anonymous,,,R5,6.0,8.0,3.0,6.0,7.0,5.0,5,2,3,1,7,4,1,8,2,2,1,6,7,2,1,1,1,1,1,6,7,7,Biodiversidade;Diversidade CulturalÂ ;,NÃ£o,2,Sim,1 pessoa,Talvez,Sim,19-30 anos,Masculino,NÃ£o sei / Prefiro nÃ£o responder,NÃ£o,,NÃ£o,Estado do Rio,
60,2023-10-01 17:18:47,2023-10-01 17:23:41,anonymous,,,R6,8.0,8.0,8.0,4.0,8.0,8.0,8,2,1,1,8,8,2,8,4,7,7,2,4,1,1,1,1,1,1,1,4,4,Diversidade CulturalÂ ;,Sim,,Sim,3 ou mais pessoas,Sim,Sim,19-30 anos,Feminino,Branco,NÃ£o,,NÃ£o,Cidade do Rio,
61,2023-10-01 16:00:52,2023-10-01 17:26:06,anonymous,,,D05-P044,8.0,8.0,8.0,8.0,8.0,8.0,8,3,8,3,8,8,8,8,8,6,5,6,7,4,5,4,6,5,5,6,6,7,Biodiversidade;Diversidade CulturalÂ ;Recursos NaturaisÂ ;Sustentabilidade;,Sim,,Sim,1 pessoa,Sim,Sim,31-59 anos,Feminino,Branco,NÃ£o,,NÃ£o,Outro Estado do Brasil,
62,2023-10-01 17:23:46,2023-10-01 17:35:45,anonymous,,,R7,5.0,6.0,8.0,5.0,5.0,6.0,6,1,1,1,6,6,4,8,4,4,5,5,7,1,1,1,1,1,1,4,4,6,Sustentabilidade;Biodiversidade;Diversidade CulturalÂ ;Recursos NaturaisÂ ;,NÃ£o,1,NÃ£o,3 ou mais pessoas,Sim,Sim,31-59 anos,Feminino,Pardo,NÃ£o,,NÃ£o,Outro Estado do Brasil,
63,2023-10-01 17:35:50,2023-10-01 17:38:45,anonymous,,,R8,6.0,6.0,7.0,6.0,5.0,7.0,6,6,4,4,7,6,5,8,6,5,6,6,7,6,3,3,1,1,1,5,5,7,Diversidade CulturalÂ ;Biodiversidade;,Sim,,Sim,3 ou mais pessoas,Talvez,Sim,19-30 anos,Feminino,Branco,NÃ£o,,NÃ£o,Outro Estado do Brasil,
64,2023-10-01 17:33:25,2023-10-01 17:50:45,anonymous,,,D03-P062,8.0,8.0,8.0,8.0,8.0,8.0,8,8,8,8,8,8,8,8,8,7,7,7,7,4,4,2,3,6,1,7,7,7,Diversidade CulturalÂ ;,Sim,,Sim,3 ou mais pessoas,Sim,Sim,19-30 anos,Masculino,Pardo,NÃ£o,,NÃ£o,Outro Estado do Brasil,
65,2023-10-01 17:28:46,2023-10-01 17:52:30,anonymous,,,D05-P045,8.0,5.0,8.0,8.0,6.0,8.0,8,8,8,1,8,8,1,8,8,7,4,6,7,7,4,1,1,1,1,1,1,7,Biodiversidade;Diversidade CulturalÂ ;,Sim,,Sim,3 ou mais pessoas,Sim,Sim,19-30 anos,Masculino,Preto,NÃ£o,,NÃ£o,Outro Estado do Brasil,
66,2023-10-01 17:38:50,2023-10-01 17:58:04,anonymous,,,R10,3.0,6.0,7.0,4.0,5.0,5.0,7,6,2,3,7,7,5,7,5,6,6,4,6,6,3,3,1,1,1,5,2,7,Sustentabilidade;Biodiversidade;Diversidade CulturalÂ ;Recursos NaturaisÂ ;,Sim,,Sim,1 pessoa,Sim,Sim,31-59 anos,Masculino,Branco,NÃ£o,,NÃ£o,Outro Estado do Brasil,
67,2023-10-01 17:58:12,2023-10-01 18:02:48,anonymous,,,R11,1.0,1.0,1.0,1.0,1.0,1.0,1,1,1,1,1,1,1,3,1,1,1,1,5,5,1,1,1,1,1,1,1,4,Biodiversidade;Diversidade CulturalÂ ;Recursos NaturaisÂ ;Sustentabilidade;,NÃ£o,3 ou mais,Sim,3 ou mais pessoas,Talvez,Talvez,19-30 anos,Feminino,Branco,NÃ£o,,NÃ£o,Estado do Rio,
68,2023-10-01 18:02:54,2023-10-01 18:08:17,anonymous,,,R12,2.0,4.0,4.0,4.0,4.0,4.0,2,2,2,2,2,2,2,4,2,3,4,4,4,3,4,4,4,4,4,4,4,4,Biodiversidade;,NÃ£o,2,NÃ£o,3 ou mais pessoas,Sim,Sim,31-59 anos,Feminino,Branco,NÃ£o,,Sim,Outro Estado do Brasil,
69,2023-10-01 18:08:34,2023-10-01 18:11:25,anonymous,,,R13,6.0,6.0,5.0,6.0,7.0,5.0,7,3,3,3,6,6,5,7,5,4,4,4,4,4,4,4,4,4,3,5,4,4,Sustentabilidade;Biodiversidade;,Sim,,NÃ£o,Nenhuma,Talvez,Sim,31-59 anos,Masculino,Branco,NÃ£o,,NÃ£o,Outro Estado do Brasil,
70,2023-10-01 18:11:16,2023-10-01 18:16:31,anonymous,,,D04-P046,8.0,8.0,8.0,7.0,7.0,8.0,8,7,8,8,8,8,8,8,8,7,7,7,1,1,1,1,1,1,1,1,1,1,Biodiversidade;Diversidade CulturalÂ ;Recursos NaturaisÂ ;,Sim,,Sim,2 pessoas,Sim,Sim,31-59 anos,Feminino,Branco,NÃ£o,,NÃ£o,Outro Estado do Brasil,
71,2023-10-01 18:11:34,2023-10-01 18:19:42,anonymous,,,R14,8.0,8.0,8.0,8.0,8.0,8.0,8,8,8,8,8,8,8,8,8,7,7,7,7,1,1,1,1,1,1,1,7,7,Biodiversidade;Diversidade CulturalÂ ;,Sim,,Sim,3 ou mais pessoas,Sim,Sim,19-30 anos,Feminino,Branco,NÃ£o,,NÃ£o,Outro Estado do Brasil,
72,2023-10-01 18:19:47,2023-10-01 18:30:02,anonymous,,,R15,5.0,6.0,5.0,6.0,6.0,6.0,8,8,8,8,8,8,8,8,8,7,7,7,7,7,7,7,7,7,7,7,7,7,Diversidade CulturalÂ ;,Sim,,Sim,1 pessoa,Sim,Sim,19-30 anos,Feminino,Pardo,NÃ£o,,NÃ£o,Estado do Rio,
73,2023-10-01 18:30:09,2023-10-01 18:33:57,anonymous,,,R17,6.0,7.0,8.0,8.0,8.0,8.0,6,5,8,4,6,7,5,8,6,6,7,7,5,4,4,3,6,5,3,2,7,7,Sustentabilidade;Diversidade CulturalÂ ;,Sim,,NÃ£o,2 pessoas,Sim,Sim,31-59 anos,Masculino,Branco,Sim,Visual,NÃ£o,Outro Estado do Brasil,
74,2023-10-01 17:53:27,2023-10-01 18:36:24,anonymous,,,D05-P046,7.0,4.0,8.0,4.0,7.0,8.0,8,8,5,3,7,7,2,6,6,3,5,4,6,2,2,3,2,1,1,3,6,5,Biodiversidade;Recursos NaturaisÂ ;Diversidade CulturalÂ ;,Sim,,NÃ£o,1 pessoa,Talvez,Sim,19-30 anos,Masculino,Branco,NÃ£o,,NÃ£o,Outro Estado do Brasil,
75,2023-10-01 18:34:02,2023-10-01 18:43:30,anonymous,,,R18,4.0,7.0,3.0,4.0,7.0,7.0,5,2,2,1,6,6,3,6,5,6,6,4,6,6,5,5,3,3,3,3,3,5,Biodiversidade;Diversidade CulturalÂ ;Recursos NaturaisÂ ;Sustentabilidade;,NÃ£o,3 ou mais,Sim,1 pessoa,Talvez,Sim,19-30 anos,Feminino,Branco,NÃ£o,,NÃ£o,Outro Estado do Brasil,A parte de fora eh legal
76,2023-10-01 17:51:57,2023-10-01 18:45:12,anonymous,,,D03-P063,8.0,8.0,8.0,8.0,8.0,8.0,8,1,1,1,8,8,4,8,8,5,5,3,6,2,2,2,2,1,1,1,1,7,Biodiversidade;Sustentabilidade;Recursos NaturaisÂ ;Diversidade CulturalÂ ;,Sim,,Sim,1 pessoa,Sim,Sim,19-30 anos,Masculino,Preto,NÃ£o,,NÃ£o,Outro Estado do Brasil,
77,2023-10-01 18:35:40,2023-10-01 18:52:34,anonymous,,,D01-P059,7.0,5.0,8.0,6.0,6.0,8.0,7,6,3,5,7,6,4,7,5,5,6,5,6,6,5,2,2,2,2,1,6,7,Diversidade CulturalÂ ;,Sim,,NÃ£o,2 pessoas,Talvez,Sim,31-59 anos,Masculino,Branco,NÃ£o,,Sim,Outro Estado do Brasil,
78,2023-10-01 16:01:53,2023-10-01 18:52:43,anonymous,,,D02-P052,4.0,1.0,8.0,4.0,1.0,8.0,8,3,8,1,4,8,3,8,4,5,7,4,4,5,7,7,4,4,6,7,7,7,Diversidade CulturalÂ ;Biodiversidade;Recursos NaturaisÂ ;,Sim,,Sim,Nenhuma,Sim,Sim,31-59 anos,Feminino,Branco,NÃ£o,,NÃ£o,Outro Estado do Brasil,
79,2023-10-01 18:43:35,2023-10-01 18:53:19,anonymous,,,R19,7.0,4.0,4.0,4.0,8.0,4.0,8,1,1,1,4,4,4,8,4,2,3,3,7,1,1,1,1,1,1,6,1,7,Biodiversidade;,Sim,,Sim,1 pessoa,Sim,Sim,19-30 anos,Feminino,Preto,NÃ£o,,NÃ£o,Outro Estado do Brasil,"Faltou diversidade judaica no cubo 3. HÃ¡ judeus pelo mundo Todo e poderia ser melhor representada a diversidade judaica, nÃ£o sÃ³ de judeus brancos."
80,2023-10-01 18:53:25,2023-10-01 18:59:58,anonymous,,,R20,8.0,8.0,8.0,8.0,8.0,8.0,8,8,8,1,8,8,8,8,8,7,7,7,7,5,5,5,1,1,1,5,7,7,Sustentabilidade;Biodiversidade;Diversidade CulturalÂ ;Recursos NaturaisÂ ;,Sim,,Sim,1 pessoa,Sim,Sim,31-59 anos,Masculino,Branco,NÃ£o,,Sim,Outro Estado do Brasil,
81,2023-10-01 19:00:05,2023-10-01 19:06:11,anonymous,,,R21,8.0,4.0,8.0,8.0,4.0,8.0,8,5,1,5,8,8,8,8,8,5,7,7,7,3,3,1,1,1,1,2,4,5,Sustentabilidade;Diversidade CulturalÂ ;Recursos NaturaisÂ ;Biodiversidade;,Sim,,NÃ£o,2 pessoas,Sim,Sim,19-30 anos,Masculino,Branco,NÃ£o,,NÃ£o,Outro Estado do Brasil,
82,2023-10-01 19:06:16,2023-10-01 19:13:15,anonymous,,,R22,8.0,8.0,5.0,8.0,8.0,5.0,8,1,1,1,6,7,6,8,5,5,5,3,7,1,1,1,1,1,1,1,5,7,Biodiversidade;Diversidade CulturalÂ ;Recursos NaturaisÂ ;,Sim,,NÃ£o,1 pessoa,Talvez,Sim,19-30 anos,Masculino,Branco,NÃ£o,,NÃ£o,Outro Estado do Brasil,
83,2023-10-01 19:13:20,2023-10-01 19:19:21,anonymous,,,R23,6.0,4.0,6.0,6.0,8.0,6.0,4,5,8,6,6,6,7,6,7,3,1,2,7,7,4,5,1,1,1,4,1,1,Diversidade CulturalÂ ;Recursos NaturaisÂ ;Biodiversidade;,Sim,,NÃ£o,1 pessoa,Talvez,Sim,19-30 anos,Feminino,Branco,NÃ£o,,NÃ£o,Outro Estado do Brasil,
84,2023-10-01 18:55:43,2023-10-01 19:21:55,anonymous,,,D02-P053,8.0,8.0,8.0,8.0,8.0,8.0,8,8,8,8,8,8,8,8,5,7,7,7,7,3,3,4,2,1,1,7,7,7,Biodiversidade;Diversidade CulturalÂ ;Recursos NaturaisÂ ;,Sim,,NÃ£o,3 ou mais pessoas,Sim,Sim,31-59 anos,Feminino,Branco,NÃ£o,,Sim,Outro Estado do Brasil,
85,2023-10-01 19:19:27,2023-10-01 19:27:47,anonymous,,,R24,4.0,4.0,4.0,5.0,5.0,5.0,3,4,6,3,5,5,3,6,8,7,6,6,7,7,6,3,3,3,1,7,7,7,Diversidade CulturalÂ ;,Sim,,NÃ£o,1 pessoa,Sim,Sim,31-59 anos,Feminino,Branco,NÃ£o,,Sim,Outro Estado do Brasil,"Otimo
"
86,2023-10-01 18:46:31,2023-10-01 19:32:57,anonymous,,,D03-P064,7.0,8.0,7.0,3.0,8.0,6.0,7,2,6,2,8,8,4,8,5,6,3,5,7,2,1,1,1,1,1,1,1,7,Sustentabilidade;Biodiversidade;Diversidade CulturalÂ ;,NÃ£o,3 ou mais,Sim,1 pessoa,Sim,Sim,31-59 anos,Feminino,Branco,NÃ£o,,Sim,Cidade do Rio,
87,2023-10-01 18:53:19,2023-10-01 19:37:30,anonymous,,,D01-P060,4.0,4.0,6.0,3.0,5.0,3.0,6,2,3,1,6,6,3,7,3,2,1,5,7,5,1,3,1,1,1,1,4,5,Sustentabilidade;Recursos NaturaisÂ ;Biodiversidade;,Sim,,Sim,1 pessoa,Sim,Sim,19-30 anos,Masculino,Branco,NÃ£o,,NÃ£o,Outro Estado do Brasil,
88,2023-10-01 20:44:19,2023-10-01 20:49:25,anonymous,,,R25,3.0,5.0,1.0,1.0,1.0,1.0,8,4,2,3,4,4,4,6,4,1,1,1,6,1,1,1,1,1,1,1,1,1,Sustentabilidade;Biodiversidade;,Sim,,NÃ£o,Nenhuma,Sim,Sim,19-30 anos,Masculino,Branco,NÃ£o,,NÃ£o,Outro Estado do Brasil,
89,2023-10-01 20:49:31,2023-10-01 20:55:26,anonymous,,,R26,7.0,8.0,8.0,7.0,7.0,7.0,8,8,5,7,8,8,3,1,1,7,7,4,7,7,1,1,4,1,1,7,7,7,Biodiversidade;Diversidade CulturalÂ ;,Sim,,Sim,1 pessoa,Sim,Sim,19-30 anos,Feminino,Branco,NÃ£o,,NÃ£o,Outro Estado do Brasil,
90,2023-10-01 20:45:46,2023-10-01 20:58:15,anonymous,,,D05-P047,6.0,6.0,8.0,6.0,5.0,8.0,7,6,8,1,8,8,6,8,6,5,5,6,7,3,2,2,5,1,1,1,6,7,Biodiversidade;Diversidade CulturalÂ ;Recursos NaturaisÂ ;,Sim,,Sim,3 ou mais pessoas,Sim,Sim,31-59 anos,Feminino,Branco,NÃ£o,,Sim,Outro Estado do Brasil,
91,2023-10-01 20:55:31,2023-10-01 21:03:58,anonymous,,,R27,5.0,7.0,8.0,7.0,8.0,8.0,8,1,3,1,8,8,5,8,6,6,5,6,7,1,1,2,3,1,1,5,5,7,Diversidade CulturalÂ ;Recursos NaturaisÂ ;Biodiversidade;Sustentabilidade;,NÃ£o,3 ou mais,Sim,3 ou mais pessoas,Sim,Sim,19-30 anos,Masculino,Branco,NÃ£o,,NÃ£o,Outro Estado do Brasil,
92,2023-10-01 19:23:30,2023-10-01 21:05:00,anonymous,,,D02-P054,8.0,7.0,7.0,6.0,6.0,7.0,8,5,5,3,6,5,3,8,2,5,5,3,5,4,1,4,1,1,1,3,2,3,Diversidade CulturalÂ ;,NÃ£o,1,NÃ£o,3 ou mais pessoas,Sim,Sim,19-30 anos,Feminino,Branco,NÃ£o,,NÃ£o,Cidade do Rio,
93,2023-10-01 21:04:03,2023-10-01 21:16:21,anonymous,,,R28,7.0,8.0,8.0,8.0,8.0,8.0,8,6,1,8,8,8,8,8,1,6,7,7,7,7,4,1,5,4,4,7,7,7,Sustentabilidade;Biodiversidade;Diversidade CulturalÂ ;Recursos NaturaisÂ ;,NÃ£o,1,NÃ£o,2 pessoas,Sim,Sim,19-30 anos,Masculino,Branco,NÃ£o,,NÃ£o,Cidade do Rio,
94,2023-10-01 21:16:27,2023-10-01 21:23:46,anonymous,,,R29,6.0,6.0,6.0,6.0,6.0,6.0,7,6,1,1,6,5,2,7,2,6,7,6,7,4,1,2,1,2,1,3,6,7,Biodiversidade;Recursos NaturaisÂ ;,Sim,,Sim,1 pessoa,Sim,Sim,31-59 anos,Masculino,Branco,NÃ£o,,NÃ£o,Outro Estado do Brasil,
95,2023-10-01 21:23:52,2023-10-01 21:29:44,anonymous,,,R30,7.0,5.0,8.0,7.0,5.0,8.0,7,4,4,3,7,6,5,6,6,5,5,3,5,4,1,1,1,1,1,4,4,7,Biodiversidade;Diversidade CulturalÂ ;Recursos NaturaisÂ ;,Sim,,NÃ£o,3 ou mais pessoas,Sim,Sim,19-30 anos,Feminino,Preto,NÃ£o,,NÃ£o,Cidade do Rio,
96,2023-10-01 20:59:03,2023-10-01 21:29:55,anonymous,,,D05-P048,8.0,7.0,7.0,7.0,7.0,7.0,6,4,5,4,6,6,5,7,5,4,5,5,6,2,1,1,1,1,2,1,2,6,Sustentabilidade;Biodiversidade;Diversidade CulturalÂ ;Recursos NaturaisÂ ;Humanidade e preservacao ;,Sim,,Sim,1 pessoa,Sim,Sim,31-59 anos,Masculino,Pardo,NÃ£o,,Sim,Outro Estado do Brasil,
97,2023-10-01 20:40:33,2023-10-01 21:32:46,anonymous,,,D01-P061,6.0,7.0,8.0,6.0,7.0,8.0,8,4,5,1,8,8,6,8,7,6,5,5,7,1,1,1,1,1,1,7,7,7,Biodiversidade;Diversidade CulturalÂ ;Recursos NaturaisÂ ;Sustentabilidade;,Sim,,Sim,1 pessoa,Sim,Sim,19-30 anos,Feminino,Branco,NÃ£o,,NÃ£o,Outro Estado do Brasil,
98,2023-10-01 21:29:52,2023-10-01 21:46:49,anonymous,,,R31,1.0,8.0,8.0,1.0,8.0,8.0,8,1,5,1,8,8,3,8,5,1,5,1,3,5,5,5,1,1,1,4,1,4,Diversidade CulturalÂ ;Recursos NaturaisÂ ;Biodiversidade;,Sim,,Sim,1 pessoa,Talvez,Sim,19-30 anos,Feminino,Branco,NÃ£o,,Sim,Outro Estado do Brasil,
99,2023-10-01 21:30:42,2023-10-01 21:51:01,anonymous,,,D04-P047,6.0,7.0,8.0,6.0,6.0,6.0,8,6,6,5,8,8,7,7,7,4,5,6,5,3,3,2,1,1,1,1,3,4,Recursos NaturaisÂ ;Diversidade CulturalÂ ;Biodiversidade;Sustentabilidade;,Sim,,Sim,3 ou mais pessoas,Sim,Sim,31-59 anos,Masculino,Branco,NÃ£o,,Sim,Outro Estado do Brasil,
100,2023-10-01 21:47:01,2023-10-01 22:08:41,anonymous,,,R32,8.0,1.0,6.0,1.0,4.0,7.0,7,5,2,1,5,5,3,7,5,4,4,4,6,5,2,4,4,2,2,4,4,4,Biodiversidade;Diversidade CulturalÂ ;Recursos NaturaisÂ ;,NÃ£o,1,Sim,3 ou mais pessoas,Sim,Sim,19-30 anos,Feminino,Branco,NÃ£o,,NÃ£o,Outro Estado do Brasil,
101,2023-10-01 21:06:00,2023-10-01 22:13:58,anonymous,,,D02-P055,8.0,8.0,8.0,8.0,8.0,8.0,8,2,1,1,8,8,4,8,5,7,5,2,7,1,1,1,1,1,1,1,6,7,Sustentabilidade;Biodiversidade;Diversidade CulturalÂ ;Recursos NaturaisÂ ;,Sim,,Sim,1 pessoa,Sim,Sim,19-30 anos,Masculino,Pardo,NÃ£o,,Sim,Outro Estado do Brasil,Algumas maquinas nÃ£o estavam funcionando o que group fila de espera
102,2023-10-01 21:54:38,2023-10-01 22:25:23,anonymous,,,D04-P048,5.0,4.0,6.0,4.0,4.0,6.0,8,6,4,6,8,8,5,7,4,4,4,4,4,3,3,3,5,5,1,6,2,7,Biodiversidade;Diversidade CulturalÂ ;Recursos NaturaisÂ ;,Sim,,NÃ£o,1 pessoa,Sim,Sim,31-59 anos,Masculino,Branco,NÃ£o,,NÃ£o,Outro Estado do Brasil,
103,2023-10-01 22:08:48,2023-10-01 22:31:06,anonymous,,,R33,6.0,6.0,8.0,6.0,6.0,7.0,8,4,4,4,8,8,3,8,4,7,7,7,7,3,1,3,1,1,1,1,7,7,Sustentabilidade;Biodiversidade;Diversidade CulturalÂ ;Recursos NaturaisÂ ;,NÃ£o,3 ou mais,NÃ£o,1 pessoa,Sim,Sim,19-30 anos,Feminino,Branco,NÃ£o,,NÃ£o,Cidade do Rio,
104,2023-10-01 21:36:59,2023-10-01 22:31:39,anonymous,,,D01-P062,7.0,7.0,7.0,7.0,7.0,7.0,8,1,1,1,8,8,3,7,5,7,7,6,7,5,2,6,4,1,3,7,6,7,Sustentabilidade;Biodiversidade;Diversidade CulturalÂ ;Recursos NaturaisÂ ;,Sim,,NÃ£o,1 pessoa,Sim,Sim,19-30 anos,Feminino,Pardo,NÃ£o,,NÃ£o,Outro Estado do Brasil,
105,2023-10-01 22:31:13,2023-10-01 22:39:22,anonymous,,,R34,4.0,7.0,5.0,5.0,5.0,5.0,8,5,3,2,6,7,2,7,4,4,3,3,3,2,2,2,1,1,1,1,1,6,Sustentabilidade;Diversidade CulturalÂ ;,Sim,,NÃ£o,1 pessoa,Sim,Sim,19-30 anos,Feminino,Branco,NÃ£o,,NÃ£o,Outro Estado do Brasil,
106,2023-10-01 22:17:21,2023-10-01 22:47:09,anonymous,,,D02-P056,4.0,4.0,6.0,4.0,5.0,6.0,6,3,3,2,5,5,5,6,5,4,4,3,5,2,2,2,2,2,2,2,4,5,Sustentabilidade;Biodiversidade;Diversidade CulturalÂ ;Recursos NaturaisÂ ;,Sim,,Sim,3 ou mais pessoas,Sim,Sim,31-59 anos,Masculino,Branco,NÃ£o,,Sim,Cidade do Rio,
107,2023-10-01 22:39:26,2023-10-01 22:56:46,anonymous,,,R35,3.0,4.0,4.0,3.0,3.0,4.0,6,4,1,1,5,5,1,6,4,1,2,2,5,5,4,5,4,5,1,1,1,4,Recursos NaturaisÂ ;Diversidade CulturalÂ ;,Sim,,NÃ£o,3 ou mais pessoas,Talvez,Sim,31-59 anos,Feminino,Branco,NÃ£o,,Sim,Outro Estado do Brasil,
108,2023-10-01 22:29:10,2023-10-01 22:58:01,anonymous,,,D03-P065,5.0,3.0,5.0,4.0,6.0,6.0,7,1,1,1,7,7,3,5,6,1,5,1,4,3,3,3,1,1,1,1,1,7,Recursos NaturaisÂ ;Biodiversidade;Sustentabilidade;Diversidade CulturalÂ ;,Sim,,Sim,1 pessoa,Sim,Sim,31-59 anos,Masculino,Branco,NÃ£o,,NÃ£o,Outro PaÃ­s,Foi tudo perfeito
109,2023-10-01 22:50:04,2023-10-01 23:08:18,anonymous,,,D02-P057,8.0,6.0,8.0,5.0,8.0,8.0,8,5,3,6,8,8,3,8,6,4,7,5,7,5,3,2,6,1,2,4,4,4,Recursos NaturaisÂ ;Diversidade CulturalÂ ;Biodiversidade;Sustentabilidade;,Sim,,NÃ£o,1 pessoa,Sim,Sim,19-30 anos,Masculino,Branco,NÃ£o,,Sim,Cidade do Rio,
110,2023-10-01 22:56:52,2023-10-01 23:11:06,anonymous,,,R36,4.0,5.0,7.0,6.0,6.0,6.0,8,6,4,3,6,6,6,8,5,6,5,4,7,6,4,5,1,2,2,6,4,7,Diversidade CulturalÂ ;,Sim,,NÃ£o,1 pessoa,Talvez,Sim,31-59 anos,Feminino,Branco,NÃ£o,,NÃ£o,Outro Estado do Brasil,
111,2023-10-01 22:58:23,2023-10-01 23:14:50,anonymous,,,D05-P049,8.0,8.0,4.0,3.0,5.0,6.0,8,5,1,6,8,8,2,8,4,3,3,3,4,5,2,2,1,1,1,5,4,6,Biodiversidade;Diversidade CulturalÂ ;,Sim,,NÃ£o,1 pessoa,Sim,Sim,19-30 anos,Masculino,Branco,NÃ£o,,NÃ£o,Outro Estado do Brasil,
112,2023-10-01 22:37:41,2023-10-01 23:17:31,anonymous,,,D04-P049,6.0,6.0,7.0,7.0,7.0,7.0,8,2,3,1,7,7,4,5,6,1,3,5,7,1,1,1,1,1,1,3,7,7,Diversidade CulturalÂ ;Biodiversidade;,Sim,,Sim,1 pessoa,Sim,Sim,31-59 anos,Masculino,Pardo,NÃ£o,,NÃ£o,Outro Estado do Brasil,
113,2023-10-01 23:11:12,2023-10-01 23:28:15,anonymous,,,R37,8.0,8.0,8.0,8.0,8.0,8.0,8,6,8,8,8,6,8,6,5,7,7,5,7,1,1,4,4,1,1,7,7,7,Biodiversidade;Diversidade CulturalÂ ;,NÃ£o,1,Sim,2 pessoas,Talvez,Sim,31-59 anos,Masculino,Branco,NÃ£o,,NÃ£o,Outro Estado do Brasil,
114,2023-10-01 23:28:20,2023-10-01 23:33:40,anonymous,,,R38,3.0,3.0,3.0,3.0,3.0,3.0,3,3,3,3,3,3,3,3,3,4,4,4,4,4,4,4,4,2,2,2,2,2,Biodiversidade;,Sim,,NÃ£o,1 pessoa,Sim,Sim,31-59 anos,Masculino,Pardo,NÃ£o,,Sim,Outro Estado do Brasil,
115,2023-10-01 23:02:26,2023-10-01 23:34:24,anonymous,,,D03-P066,6.0,8.0,5.0,6.0,5.0,6.0,8,1,1,1,8,8,1,8,5,4,3,2,6,2,1,1,1,1,1,1,1,1,Biodiversidade;Diversidade CulturalÂ ;Recursos NaturaisÂ ;Sustentabilidade;,Sim,,Sim,2 pessoas,Sim,Sim,19-30 anos,Feminino,Pardo,NÃ£o,,NÃ£o,Outro Estado do Brasil,
116,2023-10-01 23:33:44,2023-10-01 23:42:14,anonymous,,,R39,4.0,1.0,1.0,1.0,1.0,1.0,1,1,1,1,1,1,1,1,1,1,1,1,1,1,1,1,1,1,1,1,7,7,Biodiversidade;Recursos NaturaisÂ ;,Sim,,NÃ£o,3 ou mais pessoas,Sim,NÃ£o,Mais de 60 anos,Masculino,Branco,NÃ£o,,Sim,Outro Estado do Brasil,
117,2023-10-01 23:15:33,2023-10-01 23:42:14,anonymous,,,D01-P063,6.0,8.0,7.0,6.0,8.0,7.0,7,4,1,3,8,8,8,8,2,7,7,6,7,1,1,1,1,1,1,6,5,7,Sustentabilidade;Biodiversidade;Diversidade CulturalÂ ;,NÃ£o,1,Sim,3 ou mais pessoas,Sim,Sim,19-30 anos,Masculino,Preto,NÃ£o,,NÃ£o,Outro Estado do Brasil,
118,2023-10-01 23:17:45,2023-10-02 00:00:33,anonymous,,,D05-P050,5.0,5.0,8.0,3.0,3.0,8.0,5,6,3,4,6,6,4,5,8,1,4,2,4,1,1,1,1,1,1,1,7,7,Diversidade CulturalÂ ;Biodiversidade;Recursos NaturaisÂ ;,Sim,,NÃ£o,3 ou mais pessoas,Talvez,Sim,19-30 anos,Feminino,Branco,NÃ£o,,NÃ£o,Outro Estado do Brasil,
119,2023-10-01 23:42:19,2023-10-02 00:01:30,anonymous,,,R40,5.0,4.0,4.0,5.0,7.0,5.0,5,2,3,4,3,2,7,5,2,4,3,5,4,2,2,3,1,1,1,5,6,5,Biodiversidade;Recursos NaturaisÂ ;,NÃ£o,2,Sim,2 pessoas,Talvez,Sim,31-59 anos,Masculino,Branco,NÃ£o,,NÃ£o,Cidade do Rio,
120,2023-10-01 23:44:36,2023-10-02 00:08:06,anonymous,,,D01-P064,8.0,8.0,8.0,8.0,8.0,8.0,8,3,3,4,8,8,8,8,8,4,7,4,7,7,1,4,4,4,4,7,7,7,Biodiversidade;Diversidade CulturalÂ ;,Sim,,Sim,1 pessoa,Sim,Sim,19-30 anos,Masculino,Branco,NÃ£o,,Sim,Outro Estado do Brasil,
121,2023-10-02 00:01:35,2023-10-02 00:08:15,anonymous,,,R41,8.0,8.0,8.0,8.0,8.0,8.0,8,8,8,8,8,8,8,8,8,5,7,2,7,1,1,1,4,7,7,7,4,7,Diversidade CulturalÂ ;Recursos NaturaisÂ ;Biodiversidade;Sustentabilidade;,Sim,,Sim,1 pessoa,Sim,Sim,19-30 anos,Feminino,Pardo,NÃ£o,,NÃ£o,Outro Estado do Brasil,
122,2023-10-01 23:26:35,2023-10-02 00:09:09,anonymous,,,D02-P058,5.0,7.0,8.0,7.0,6.0,6.0,8,4,5,3,8,8,6,8,6,3,1,1,5,1,1,1,1,1,1,6,5,7,Biodiversidade;Diversidade CulturalÂ ;Sustentabilidade;,Sim,,Sim,1 pessoa,Sim,Sim,19-30 anos,Masculino,Branco,NÃ£o,,NÃ£o,Outro Estado do Brasil,
